样本编号,源文件,极性,强度
附件3_未对齐版本_01,附件3_未对齐版本_01.pkl,负,-1e-06
附件3_未对齐版本_02,附件3_未对齐版本_02.pkl,中,0.0
附件3_未对齐版本_03,附件3_未对齐版本_03.pkl,正,1.047763
附件3_未对齐版本_04,附件3_未对齐版本_04.pkl,正,1.156037
附件3_未对齐版本_05,附件3_未对齐版本_05.pkl,负,-0.695616
附件3_未对齐版本_06,附件3_未对齐版本_06.pkl,正,1.027713
附件3_未对齐版本_07,附件3_未对齐版本_07.pkl,正,0.709384
附件3_未对齐版本_08,附件3_未对齐版本_08.pkl,负,-0.138035
附件3_未对齐版本_09,附件3_未对齐版本_09.pkl,正,1.310437
附件3_未对齐版本_10,附件3_未对齐版本_10.pkl,中,0.0
附件3_未对齐版本_11,附件3_未对齐版本_11.pkl,正,0.887977
附件3_未对齐版本_12,附件3_未对齐版本_12.pkl,正,0.798337
附件3_未对齐版本_13,附件3_未对齐版本_13.pkl,正,0.726283
附件3_未对齐版本_14,附件3_未对齐版本_14.pkl,负,-0.285523
附件3_未对齐版本_15,附件3_未对齐版本_15.pkl,正,1.138026
附件3_未对齐版本_16,附件3_未对齐版本_16.pkl,正,1.996919
附件3_未对齐版本_17,附件3_未对齐版本_17.pkl,正,1.160081
附件3_未对齐版本_18,附件3_未对齐版本_18.pkl,正,0.624578
附件3_未对齐版本_19,附件3_未对齐版本_19.pkl,负,-1e-06
附件3_未对齐版本_20,附件3_未对齐版本_20.pkl,中,0.0
附件3_未对齐版本_21,附件3_未对齐版本_21.pkl,正,0.814612
附件3_未对齐版本_22,附件3_未对齐版本_22.pkl,负,-1e-06
附件3_未对齐版本_23,附件3_未对齐版本_23.pkl,正,1.068249
附件3_未对齐版本_24,附件3_未对齐版本_24.pkl,正,0.513983
附件3_未对齐版本_25,附件3_未对齐版本_25.pkl,正,1.019843
附件3_未对齐版本_26,附件3_未对齐版本_26.pkl,正,0.884863
附件3_未对齐版本_27,附件3_未对齐版本_27.pkl,正,1.313993
附件3_未对齐版本_28,附件3_未对齐版本_28.pkl,正,0.658848
附件3_未对齐版本_29,附件3_未对齐版本_29.pkl,正,1.513733
附件3_未对齐版本_30,附件3_未对齐版本_30.pkl,正,0.573496
