样本编号,视频时长,有效位置数,三模态维度,有效比例_T,有效比例_A,有效比例_V,对齐方式,异常说明,输出文件,输出文件校验值,文件字节
-3g5yACwYnA$_$13,5.514,15,50×768 / 50×74 / 50×35,0.3,0.02,0.3,MFA词级,,-3g5yACwYnA__13.npz,ff5585f240a54db3172721ac415bfadb6a6ac45c89948fd2a753752a43284756,48977
-3g5yACwYnA$_$3,14.389,29,50×768 / 50×74 / 50×35,0.58,0.12,0.58,MFA词级,,-3g5yACwYnA__3.npz,944f3f8971c8b119d999f92e22454ddb80e252869bf695dd165715db9666b3df,91548
-3g5yACwYnA$_$2,9.394,14,50×768 / 50×74 / 50×35,0.28,0.08,0.28,MFA词级,,-3g5yACwYnA__2.npz,3fb658e1b86b9fdb37270e6fe262c9899569fc2857ba387191048732d8a763d8,46874
-3g5yACwYnA$_$9,8.817,23,50×768 / 50×74 / 50×35,0.46,0.16,0.46,MFA词级,,-3g5yACwYnA__9.npz,cdb67c505bc576885564c4b20d351ef2b17caaa48edd69424132969172098b2a,74460
-3nNcZdcdvU$_$5,7.868,18,50×768 / 50×74 / 50×35,0.36,0.36,0.36,MFA词级,,-3nNcZdcdvU__5.npz,b2def4a4849d959bfbb4b9c0ef3980f1b3ba2e8df378cc14b3e5e2215ab0a1f7,61698
-HwX2H8Z4hY$_$2,3.982,7,50×768 / 50×74 / 50×35,0.14,0.14,0.06,MFA词级,,-HwX2H8Z4hY__2.npz,7844517c6713746ce3ec04a1c468aa3f9f01f7652d43248b2e6057ee10fa8d57,26437
-HwX2H8Z4hY$_$5,5.653,9,50×768 / 50×74 / 50×35,0.18,0.18,0.06,MFA词级,,-HwX2H8Z4hY__5.npz,2830b852850cd44ba7113f517d657fe5cd518fbc8760c1ea06c8a3991049bd83,32804
-HwX2H8Z4hY$_$6,3.358,7,50×768 / 50×74 / 50×35,0.14,0.14,0.1,MFA词级,,-HwX2H8Z4hY__6.npz,d4b04c85ac8ffed2d6dd4c8e771d16e4aec1e90e40e425860db30ca56a6d38f9,26523
-HwX2H8Z4hY$_$9,7.734,22,50×768 / 50×74 / 50×35,0.44,0.42,0.4,MFA词级,,-HwX2H8Z4hY__9.npz,7f702bbda882a8bb84b180a2653a5cdf74195fc5f033d2aacc65c534c70a01ad,74131
-NFrJFQijFE$_$1,5.746,0,50×768 / 50×74 / 50×35,0.0,0.0,0.0,MFA词级,MFA对齐失败,-NFrJFQijFE__1.npz,e4234ca02827ebf4fb1206886f516357a8fdb068674e74ff53a7be8f97411f05,4018
-NFrJFQijFE$_$2,6.856,0,50×768 / 50×74 / 50×35,0.0,0.0,0.0,MFA词级,MFA对齐失败,-NFrJFQijFE__2.npz,b2b0f99b78558f5b30f3c5c3286d93b1c540526a9313f77367416b28724eedf8,4025
-THoVjtIkeU$_$12,14.896,39,50×768 / 50×74 / 50×35,0.78,0.78,0.78,MFA词级,,-THoVjtIkeU__12.npz,d75e92d1589468dee4981be5d7c1b89772f338c545db6a3d4d087aebab28090f,128715
-THoVjtIkeU$_$2,4.292,10,50×768 / 50×74 / 50×35,0.2,0.2,0.2,MFA词级,,-THoVjtIkeU__2.npz,0c2ef1189a3f91d916b8b6714ccdc41d2e1aeae4b0592032eac0c83875023361,36396
-THoVjtIkeU$_$6,8.097,30,50×768 / 50×74 / 50×35,0.6,0.6,0.6,MFA词级,,-THoVjtIkeU__6.npz,6b409a24a848670dda0183a14c152d1a9879a2e4c9d0d4a7ad644a2ed73d15b0,99794
-UuX1xuaiiE$_$1,10.35,27,50×768 / 50×74 / 50×35,0.54,0.54,0.54,MFA词级,,-UuX1xuaiiE__1.npz,f1cd62eb93237517eea05c20fb59df20b3d310ce563eb38dddd9f4467771b4cc,89596
-UuX1xuaiiE$_$0,3.6333,9,50×768 / 50×74 / 50×35,0.18,0.18,0.18,MFA词级,,-UuX1xuaiiE__0.npz,a40f421287b66ea0bce8d5cd8b9fce1b658f32e621746cf46b00aef3e9e8a588,33005
-UuX1xuaiiE$_$3,4.13,9,50×768 / 50×74 / 50×35,0.18,0.18,0.18,MFA词级,,-UuX1xuaiiE__3.npz,a71ddd1f6449f0e34fee210543368e100d248144646406bba84432389af4bc54,33132
-UuX1xuaiiE$_$6,8.114,22,50×768 / 50×74 / 50×35,0.44,0.44,0.44,MFA词级,,-UuX1xuaiiE__6.npz,45f2a8738084bba67eeaa9364520e397df6cbbe0b625b0d9a2d362e99ee8c469,74340
-a55Q6RWvTA$_$3,22.154,50,50×768 / 50×74 / 50×35,1.0,0.98,1.0,MFA词级,,-a55Q6RWvTA__3.npz,c0335a235403738892ce679ac5b24f2e7a836958efd9ecfde7c84901366b6490,162782
-aNfi7CP8vM$_$7,8.695,18,50×768 / 50×74 / 50×35,0.36,0.34,0.36,MFA词级,,-aNfi7CP8vM__7.npz,ef160249437c1c7db7ab3e28a7e4f7b3c3083f553cd719a82659b9fdaffc9bcc,61207
-aqamKhZ1Ec$_$0,10.9667,14,50×768 / 50×74 / 50×35,0.28,0.16,0.28,MFA词级,,-aqamKhZ1Ec__0.npz,f9f9089561c5dc645d374542d6693a58856972e3da20ac1a17336edf660b3416,47702
-dxfTGcXJoc$_$1,16.161,37,50×768 / 50×74 / 50×35,0.74,0.74,0.74,MFA词级,,-dxfTGcXJoc__1.npz,8514f887827998fbe6145a11f60a5da07095b9dc848ad88350a1eefbd504a59f,122076
-dxfTGcXJoc$_$0,20.5,42,50×768 / 50×74 / 50×35,0.84,0.84,0.66,MFA词级,,-dxfTGcXJoc__0.npz,fd4fcca1e8a19e449d35dcc55d99b59054e75e56132f029fb427b3cd404302ce,137572
-dxfTGcXJoc$_$2,16.698,35,50×768 / 50×74 / 50×35,0.7,0.7,0.7,MFA词级,,-dxfTGcXJoc__2.npz,a722b3554d1111e247f962aa1227da501996ef357b975afaaee6b16f61adae2f,116084
-dxfTGcXJoc$_$6,12.735,29,50×768 / 50×74 / 50×35,0.58,0.58,0.58,MFA词级,,-dxfTGcXJoc__6.npz,ff5d3815b3bc613b957754bc3abbb2f0ee908050a5042260927199061d9029b3,96881
-egA8-b7-3M$_$26,6.031,15,50×768 / 50×74 / 50×35,0.3,0.3,0.3,MFA词级,,-egA8-b7-3M__26.npz,5bc4003fd163df61e1dc3ccc37b827adb19ce56d29883c3a4dbc81ecb60a4917,52024
-egA8-b7-3M$_$17,7.271,16,50×768 / 50×74 / 50×35,0.32,0.32,0.32,MFA词级,,-egA8-b7-3M__17.npz,7c2b4d5048cac28a31104dcfd12ec02f5c3c09a56270f9e1cc82b6b07085a3f1,55066
-egA8-b7-3M$_$18,8.386,22,50×768 / 50×74 / 50×35,0.44,0.44,0.44,MFA词级,,-egA8-b7-3M__18.npz,75e4a0f9eae1e56b8f9e9d5175133b141cf4110b2098625460a6822c35cfea52,74119
-egA8-b7-3M$_$16,5.538,11,50×768 / 50×74 / 50×35,0.22,0.22,0.22,MFA词级,,-egA8-b7-3M__16.npz,b4a6c52930782eff5835a07311519826afc0f6a4fb0ae8d40ceffbc39a0f20c5,39185
-egA8-b7-3M$_$13,4.184,11,50×768 / 50×74 / 50×35,0.22,0.2,0.22,MFA词级,,-egA8-b7-3M__13.npz,1afd76181aba2c8d2e836d53edbfaef40654ac2dcc240998191d167c9f112900,38864
-egA8-b7-3M$_$1,10.266,20,50×768 / 50×74 / 50×35,0.4,0.4,0.4,MFA词级,,-egA8-b7-3M__1.npz,edf8351d6928054ee3b7ff153c72864915d64a8cb6041062e316406f4e91329e,67955
-egA8-b7-3M$_$6,6.265,12,50×768 / 50×74 / 50×35,0.24,0.24,0.24,MFA词级,,-egA8-b7-3M__6.npz,aae041443d1ad3f76ad69ee491ce37f55fbc357954f193ae1f3c1b394ded5651,42538
-egA8-b7-3M$_$9,5.09,10,50×768 / 50×74 / 50×35,0.2,0.2,0.2,MFA词级,,-egA8-b7-3M__9.npz,174080c7145aee525e6cec1fbfb38428509b914f361488a5fe3684212f4fcca4,36257
-egA8-b7-3M$_$20,6.645,20,50×768 / 50×74 / 50×35,0.4,0.4,0.4,MFA词级,,-egA8-b7-3M__20.npz,997de9624840d2d65982dfda14807b9a5ba7fe0acf0c2a3061ebf61158bb26c5,67709
-iRBcNs9oI8$_$3,5.621,8,50×768 / 50×74 / 50×35,0.16,0.14,0.16,MFA词级,,-iRBcNs9oI8__3.npz,e6f99c4cbd95255472f139a7bb19ca9386e17755dca27e40248f282993f6f490,29794
-iRBcNs9oI8$_$7,4.104,9,50×768 / 50×74 / 50×35,0.18,0.18,0.18,MFA词级,,-iRBcNs9oI8__7.npz,21205fd66b344da081f78692a997c57fa12d606005782cf08a5be7f0f553ff65,33150
-iRBcNs9oI8$_$6,2.903,5,50×768 / 50×74 / 50×35,0.1,0.08,0.1,MFA词级,,-iRBcNs9oI8__6.npz,2f9b652ad9980aecc7b6ed71ef5b8c5ed9a52b5ff9327f00a7c303bcba226546,20183
-iRBcNs9oI8$_$9,3.416,5,50×768 / 50×74 / 50×35,0.1,0.08,0.1,MFA词级,,-iRBcNs9oI8__9.npz,b48b0e19aa789958ec6889349f8888d4e5337889d3e604991aa078bc2782f7e6,20198
-iRBcNs9oI8$_$8,8.093,21,50×768 / 50×74 / 50×35,0.42,0.38,0.42,MFA词级,,-iRBcNs9oI8__8.npz,886aff0d3654e98c6a7ad76977e3a042c1268330f8a783f480a1890c8a7b57c2,70832
-lzEya4AM_4$_$5,7.675,19,50×768 / 50×74 / 50×35,0.38,0.38,0.38,MFA词级,,-lzEya4AM_4__5.npz,ce9950eb525e2658da39c902295b073bc03bb3a444c42a44f75890c01c1d0402,64911
-lzEya4AM_4$_$6,14.792,43,50×768 / 50×74 / 50×35,0.86,0.8,0.86,MFA词级,,-lzEya4AM_4__6.npz,dd36e361c7e17d15e75b75e12be2e1b7e50f0f97901474606e499fc73fb30bb1,140695
-mJ2ud6oKI8$_$1,6.103,0,50×768 / 50×74 / 50×35,0.0,0.0,0.0,MFA词级,静音轨，无法强制对齐,-mJ2ud6oKI8__1.npz,941ea5da668fcc98a97942b30e1c1f34d52b391de451faf30594885837d52a5f,4003
-mJ2ud6oKI8$_$2,5.731,0,50×768 / 50×74 / 50×35,0.0,0.0,0.0,MFA词级,静音轨，无法强制对齐,-mJ2ud6oKI8__2.npz,86704dd385e4d2add583839ae6b88ff1089b1488b7e9f244d5346eadc9755e5c,4031
-mJ2ud6oKI8$_$6,2.257,5,50×768 / 50×74 / 50×35,0.1,0.08,0.1,MFA词级,,-mJ2ud6oKI8__6.npz,4aff1143023258dde3064841d7c569ddc0cd07e1da2e6b061339c87c41badf8f,20192
-mJ2ud6oKI8$_$9,7.033,22,50×768 / 50×74 / 50×35,0.44,0.44,0.44,MFA词级,,-mJ2ud6oKI8__9.npz,8a648efd766834b8facef221ab14a1e62329a3d9fbfda95615956fd6b44a6f72,74607
-mJ2ud6oKI8$_$8,4.192,11,50×768 / 50×74 / 50×35,0.22,0.22,0.22,MFA词级,,-mJ2ud6oKI8__8.npz,d20aa01035790fde99f75d5c7d8383b0a5893258038665bea12631dbbe2eee3f,39374
-mqbVkbCndg$_$0,6.4667,14,50×768 / 50×74 / 50×35,0.28,0.28,0.28,MFA词级,,-mqbVkbCndg__0.npz,ae62594d585b74080393fb1df982f2133f46270c58eb897a5060717010cab5fa,49084
-t217m2on-s$_$2,5.686,12,50×768 / 50×74 / 50×35,0.24,0.24,0.24,MFA词级,,-t217m2on-s__2.npz,62858f837900f89ac0428d7a52fcd9d54c67c34d4303c6f7d0bbe04f53d3d445,42614
-t217m2on-s$_$7,17.183,45,50×768 / 50×74 / 50×35,0.9,0.76,0.9,MFA词级,,-t217m2on-s__7.npz,a15908b5be0a17962af5f2adef5ecf6ed2953fa0ee4ce6658f4ba0e7e35c3fc6,145589
-tANM6ETl_M$_$3,6.758,22,50×768 / 50×74 / 50×35,0.44,0.42,0.44,MFA词级,,-tANM6ETl_M__3.npz,3b1b048addfa7418f884ba724a19ab9a352cdec735898ba3fb452234e7346a4a,74431
-tPCytz4rww$_$11,5.467,17,50×768 / 50×74 / 50×35,0.34,0.34,0.34,MFA词级,,-tPCytz4rww__11.npz,32ea59da71d93022a9401c9e5891bd64ccc31c0e3a5e85fdb79cc99025d1f6f2,58379
-tPCytz4rww$_$10,4.789,12,50×768 / 50×74 / 50×35,0.24,0.24,0.24,MFA词级,,-tPCytz4rww__10.npz,2ee04d043e061c76deeac501b3b9b2f311a4cb5d770190ea52003fcd75861d63,42664
-tPCytz4rww$_$12,11.864,26,50×768 / 50×74 / 50×35,0.52,0.52,0.52,MFA词级,,-tPCytz4rww__12.npz,9d813d32b0b2a7058c6fe3c7f379a3cda77ea1999e2eafc4a548d7eecba81aa7,87171
-tPCytz4rww$_$16,7.206,16,50×768 / 50×74 / 50×35,0.32,0.32,0.32,MFA词级,,-tPCytz4rww__16.npz,ee01edc35048b02b73afb1c9c8d75c2e3864d5630dce594ba87b817109e40e45,55316
-tPCytz4rww$_$18,6.645,16,50×768 / 50×74 / 50×35,0.32,0.32,0.32,MFA词级,,-tPCytz4rww__18.npz,288669ae390e4c64d2d30d427a23a9d0db7cf1a876272ca91a1bb6dcbf5566f4,55315
-vxjVxOeScU$_$4,9.127,21,50×768 / 50×74 / 50×35,0.42,0.42,0.42,MFA词级,,-vxjVxOeScU__4.npz,54bf07189f3f67b9f59694a90dbf4bcf0d67a8608a9ee5697e0841c51fe3964e,71330
-wMB_hJL-3o$_$7,6.044,22,50×768 / 50×74 / 50×35,0.44,0.4,0.44,MFA词级,,-wMB_hJL-3o__7.npz,6b3618c9bbf868a6bdf0bd219187ba4739842fca1f522eaa85a70cd43c2dd750,73779
-wny0OAz3g8$_$1,6.844,24,50×768 / 50×74 / 50×35,0.48,0.48,0.48,MFA词级,,-wny0OAz3g8__1.npz,46b5a794639515b2a95338df0282fe442664aebe75cdfeed3c1af3467117138e,80729
-wny0OAz3g8$_$0,3.3333,10,50×768 / 50×74 / 50×35,0.2,0.2,0.2,MFA词级,,-wny0OAz3g8__0.npz,e36f8e44fa56a70d42e7ba5cd3470b8d0e386a317a8474c699dc140e5c4f81e2,36351
-wny0OAz3g8$_$3,6.146,20,50×768 / 50×74 / 50×35,0.4,0.4,0.4,MFA词级,,-wny0OAz3g8__3.npz,1da06a8c90af97c342f67598280a07d369223dffe23178deae44976e98d4066a,68088
-wny0OAz3g8$_$2,6.687,24,50×768 / 50×74 / 50×35,0.48,0.48,0.48,MFA词级,,-wny0OAz3g8__2.npz,fbbb8180222fd953964757514a19b5c88b8b907c1709fa9faea52f97c035048b,80813
-wny0OAz3g8$_$5,6.912,21,50×768 / 50×74 / 50×35,0.42,0.42,0.42,MFA词级,,-wny0OAz3g8__5.npz,4ebc783ae3eefc1e053a047dbd1894083bc2dd016f24936d6004f20c3fb90926,71329
-wny0OAz3g8$_$7,8.068,29,50×768 / 50×74 / 50×35,0.58,0.58,0.58,MFA词级,,-wny0OAz3g8__7.npz,d040c49eaf61fc9d8dff7f12c6f93cb6ffe110d069b0840d3306260f36edb844,96605
-wny0OAz3g8$_$9,6.213,20,50×768 / 50×74 / 50×35,0.4,0.4,0.4,MFA词级,,-wny0OAz3g8__9.npz,24cce44c0f8717b0ea4469b8a3574c72f1222b3a8243936c99f1ccc8c26d4534,68122
-571d8cVauQ$_$0,5.0667,12,50×768 / 50×74 / 50×35,0.24,0.1,0.24,MFA词级,,-571d8cVauQ__0.npz,a6be8f764ebabd0fb97f6df30300187e38ed3b75f84e58cdab95a6b61a716fd0,41158
-571d8cVauQ$_$5,15.273,43,50×768 / 50×74 / 50×35,0.86,0.46,0.86,MFA词级,,-571d8cVauQ__5.npz,e5e6f56219b06e106039e36f22e057f1dd16144e55925fdcb2489b72780270d6,136560
-I_e4mIh0yE$_$1,7.622,18,50×768 / 50×74 / 50×35,0.36,0.36,0.36,MFA词级,,-I_e4mIh0yE__1.npz,09771fe82ef75e24a6a479450d14ff8dcae1e6e453074b8d7481428acc7a058f,61694
-I_e4mIh0yE$_$3,9.163,22,50×768 / 50×74 / 50×35,0.44,0.44,0.44,MFA词级,,-I_e4mIh0yE__3.npz,1f60dcdd921a4dc6d1fc6d834f79e2b49f6aa24aabf5d842e18fa80ed02873a0,74525
-UacrmKiTn4$_$10,7.362,18,50×768 / 50×74 / 50×35,0.36,0.36,0.36,MFA词级,,-UacrmKiTn4__10.npz,10dfd8330a43e7c775146e054c5828bfbd8ad5ef05e068ce2038ca1bb485aa43,61516
-UacrmKiTn4$_$4,4.741,14,50×768 / 50×74 / 50×35,0.28,0.28,0.28,MFA词级,,-UacrmKiTn4__4.npz,464afd953c1b23595f56190d87e84354346b836e25f88ccc082f214be53bffaf,48935
-hnBHBN8p5A$_$7,7.372,14,50×768 / 50×74 / 50×35,0.28,0.26,0.24,MFA词级,,-hnBHBN8p5A__7.npz,f10952c24c773717850f9eb67a561f52cdf6eefa029a8c14c7e2983bdfc260e9,48679
-hnBHBN8p5A$_$6,6.401,13,50×768 / 50×74 / 50×35,0.26,0.26,0.16,MFA词级,,-hnBHBN8p5A__6.npz,40d59fc3b9189438fb4521664f7996135f76709ab4230ce90268bdac19f0553e,45403
-qDkUB0GgYY$_$6,4.678,16,50×768 / 50×74 / 50×35,0.32,0.32,0.32,MFA词级,,-qDkUB0GgYY__6.npz,9d75ced088f0cebd5119af843effe41f2777962a29013b73423f761cdbe52c82,55091
-uywlfIYOS8$_$4,6.045,18,50×768 / 50×74 / 50×35,0.36,0.34,0.36,MFA词级,,-uywlfIYOS8__4.npz,840b70332ada71d7b8b785b46eb544f561a80911ce0aae2308b1cc6ddb5ad888,61358
-6rXp3zJ3kc$_$8,12.805,34,50×768 / 50×74 / 50×35,0.68,0.66,0.68,MFA词级,,-6rXp3zJ3kc__8.npz,82780100f69a743c1e0ac4d77ee6b00fb17794f7027fd59b2b7bfd63071a97a8,112663
-9y-fZ3swSY$_$0,6.8333,23,50×768 / 50×74 / 50×35,0.46,0.42,0.46,MFA词级,,-9y-fZ3swSY__0.npz,616a49d063f3503476540e891583ae5521a21a34530e3fe06eae33b87023f3cd,77130
-9y-fZ3swSY$_$4,2.821,10,50×768 / 50×74 / 50×35,0.2,0.2,0.2,MFA词级,,-9y-fZ3swSY__4.npz,fdaa6daa9a9c01c3f4a4f5ddc5177139d3fe43264594775ef4abbdee326db4fe,36291
-9y-fZ3swSY$_$8,4.989,13,50×768 / 50×74 / 50×35,0.26,0.26,0.26,MFA词级,,-9y-fZ3swSY__8.npz,a3f02d55b91e44bc1c80b4ba92e3943d7e746643b8795a9cd9891413b78aaa3e,45958
-AUZQgSxyPQ$_$2,22.511,41,50×768 / 50×74 / 50×35,0.82,0.82,0.82,MFA词级,,-AUZQgSxyPQ__2.npz,008e0ee8724ed38a158581c43eecfcf4007c027dd4d823b84d33ed405c97a7d3,135058
-HeZS2-Prhc$_$2,8.262,16,50×768 / 50×74 / 50×35,0.32,0.32,0.32,MFA词级,,-HeZS2-Prhc__2.npz,d202b62d9b51d996f5862aff802c71b1bc4bf854a3b2732ec87d252d0a39b530,55465
-MeTTeMJBNc$_$0,9.3,21,50×768 / 50×74 / 50×35,0.42,0.42,0.42,MFA词级,,-MeTTeMJBNc__0.npz,f538cede7497e9033dd100641b2a44c099642e342e0f390142b5a981d294b150,71269
-MeTTeMJBNc$_$13,5.43,14,50×768 / 50×74 / 50×35,0.28,0.28,0.28,MFA词级,,-MeTTeMJBNc__13.npz,19a02d8f4631e9f91be7633eb0b0af1441c8d3ad8b24fd0ee5ee2cf1a8d7bc33,48853
-MeTTeMJBNc$_$7,10.517,31,50×768 / 50×74 / 50×35,0.62,0.62,0.62,MFA词级,,-MeTTeMJBNc__7.npz,1757b18b51fef0a2e69522c2303db8131b25e204b112c9b8bffa691d113974a6,102649
-RfYyzHpjk4$_$11,5.239,17,50×768 / 50×74 / 50×35,0.34,0.18,0.34,MFA词级,,-RfYyzHpjk4__11.npz,fe26f758a155184d3537cabbd70d49ecc4a668ee7fb9f2faa2ccbd7df657a741,56586
-RfYyzHpjk4$_$8,4.589,17,50×768 / 50×74 / 50×35,0.34,0.16,0.34,MFA词级,,-RfYyzHpjk4__8.npz,8a37e00b864b3f10d122ded2a655f13736f0015a7ae074f0e8bd9726dfbe5cae,56438
-RfYyzHpjk4$_$2,5.516,25,50×768 / 50×74 / 50×35,0.5,0.34,0.5,MFA词级,,-RfYyzHpjk4__2.npz,3dd6a347369f67a2be9f8175a85184a0b4b60b46ae318b4d93a5be4b156d00f6,81867
-UUCSKoHeMA$_$0,7.8,18,50×768 / 50×74 / 50×35,0.36,0.32,0.36,MFA词级,,-UUCSKoHeMA__0.npz,685170959698a72bafe726cc9f353b7d1bf94315e0ba10afa1bfda1aabafe910,61257
-ri04Z7vwnc$_$0,2.807,8,50×768 / 50×74 / 50×35,0.16,0.12,0.0,MFA词级,,-ri04Z7vwnc__0.npz,c3a710f6d2107da99bd093e83f0db983d98a5f5ecb9dce482cefd89b06e4c488,28746
-ri04Z7vwnc$_$2,6.027,0,50×768 / 50×74 / 50×35,0.0,0.0,0.0,MFA词级,MFA对齐失败,-ri04Z7vwnc__2.npz,46f19abb9f2f23e531119ede0c1fd44d8b78aefd26ff05e5bc47d31687593bb1,4033
-ri04Z7vwnc$_$5,3.545,8,50×768 / 50×74 / 50×35,0.16,0.16,0.16,MFA词级,,-ri04Z7vwnc__5.npz,abbb66e5df3c3872947e09260cb4271a1f64d0dce09ee13217fad7b9174cdfe0,29917
-s9qJ7ATP7w$_$1,4.792,11,50×768 / 50×74 / 50×35,0.22,0.22,0.22,MFA词级,,-s9qJ7ATP7w__1.npz,ca67b25640859d74614293e7bc9a1c6bfcc23eb82c9a6a06923accd5930a8772,39351
-s9qJ7ATP7w$_$0,6.8,24,50×768 / 50×74 / 50×35,0.48,0.48,0.48,MFA词级,,-s9qJ7ATP7w__0.npz,0e91c4829f63f4b88a4241c977fe566628c5bdc9f46ab38c72cc6dca72fa6de1,80880
-s9qJ7ATP7w$_$5,8.561,19,50×768 / 50×74 / 50×35,0.38,0.36,0.38,MFA词级,,-s9qJ7ATP7w__5.npz,8b4af3dbe86845c80fefafb42b4278fbc4a5cf38d8345b66ebb69dde9842ff14,64880
-s9qJ7ATP7w$_$4,4.427,9,50×768 / 50×74 / 50×35,0.18,0.18,0.18,MFA词级,,-s9qJ7ATP7w__4.npz,292ace925800cca1ee1cd14157fabe137f7c79d4eb0571a935b6de6b445a7faf,33206
-s9qJ7ATP7w$_$7,6.966,28,50×768 / 50×74 / 50×35,0.56,0.56,0.42,MFA词级,,-s9qJ7ATP7w__7.npz,d4ac121e7a26f0f05e10be80f76d9c9f5e3ce25bec9ebd98284f7680814e08a5,92514
-s9qJ7ATP7w$_$6,2.475,5,50×768 / 50×74 / 50×35,0.1,0.1,0.1,MFA词级,,-s9qJ7ATP7w__6.npz,a045e95d41c712ade6d826a76e08cd924f1cb401c52755ca46e69be2dde907b7,20408
-s9qJ7ATP7w$_$8,3.295,12,50×768 / 50×74 / 50×35,0.24,0.24,0.24,MFA词级,,-s9qJ7ATP7w__8.npz,9bf95671c848790f21872d7c3695b0facb759fe4581d3fa1cfc6ecbcc6126aa4,42807
-yRb-Jum7EQ$_$1,29.288,49,50×768 / 50×74 / 50×35,0.98,0.34,0.98,MFA词级,,-yRb-Jum7EQ__1.npz,6d76909bf0c2b76c148f5d6236a5e3cafe33fda1299ea92e73f62da9dfa70b5a,153329
-yRb-Jum7EQ$_$5,13.169,0,50×768 / 50×74 / 50×35,0.0,0.0,0.0,MFA词级,MFA对齐失败,-yRb-Jum7EQ__5.npz,f2b8f844b9602f827348237f4b58910af463a81859c6a8d91cc00cd244c5651d,4072
-yRb-Jum7EQ$_$6,11.242,19,50×768 / 50×74 / 50×35,0.38,0.24,0.38,MFA词级,,-yRb-Jum7EQ__6.npz,8adffdd6b1a0622db38cb1623eaab9d30ad8b7ede4c340ada2c0c1e7b987ca11,63641
