id,true_class,true_intensity,class,intensity,raw_intensity,p_negative,p_neutral,p_positive,baseline_class,seed
-AUZQgSxyPQ$_$2,2,0.6666666865348816,2,1.4156967401504517,1.4156967401504517,0.009219257,0.080393985,0.9103868,2,2026
-HeZS2-Prhc$_$2,2,0.6666666865348816,2,0.5940122008323669,0.5940122008323669,0.4094504,0.07673658,0.513813,2,2026
-MeTTeMJBNc$_$0,2,0.3333333432674408,2,1e-06,-0.0625094547867775,0.09448937,0.42909756,0.47641307,2,2026
-RfYyzHpjk4$_$2,2,0.3333333432674408,2,0.1869101226329803,0.1869101226329803,0.3527392,0.13525455,0.5120063,2,2026
-s9qJ7ATP7w$_$2,2,1.3333333730697632,2,1.1323270797729492,1.1323270797729492,0.055989332,0.03008528,0.9139254,2,2026
-s9qJ7ATP7w$_$5,0,-2.0,0,-1.6831036806106567,-1.6831036806106567,0.9622009,0.01509201,0.022707118,0,2026
-s9qJ7ATP7w$_$6,1,0.0,0,-1.0922030210494995,-1.0922030210494995,0.83909935,0.093796045,0.067104556,0,2026
-yRb-Jum7EQ$_$1,1,0.0,0,-0.6114894151687622,-0.6114894151687622,0.7243706,0.1301199,0.14550947,0,2026
0K7dCp80n9c$_$6,1,0.0,0,-0.671951174736023,-0.671951174736023,0.574329,0.27699873,0.14867225,0,2026
0YiAKqU36KE$_$1,2,1.3333333730697632,0,-0.8912990093231201,-0.8912990093231201,0.7320478,0.10903876,0.15891345,0,2026
0YiAKqU36KE$_$0,0,-1.0,0,-1.5102508068084717,-1.5102508068084717,0.9320929,0.046411905,0.021495124,0,2026
0bxhZ-LIfZY$_$4,0,-0.3333333432674408,0,-0.7339495420455933,-0.7339495420455933,0.6912143,0.057593804,0.25119185,0,2026
100178$_$15,1,0.0,0,-0.7012434005737305,-0.7012434005737305,0.60140955,0.34816113,0.05042936,0,2026
10219$_$10,2,2.0,2,1e-06,-0.1017427593469619,0.27370474,0.12334944,0.60294586,2,2026
10219$_$1,1,0.0,1,0.0,0.0095763364806771,0.20958214,0.4760356,0.31438226,1,2026
10219$_$5,2,1.6666666269302368,2,1.379638671875,1.379638671875,0.030138765,0.062425602,0.9074356,2,2026
102213$_$2,2,1.3333333730697632,2,1.2204869985580444,1.2204869985580444,0.116215125,0.08558657,0.7981983,2,2026
102213$_$5,0,-1.0,0,-1.949979543685913,-1.949979543685913,0.8842246,0.036472928,0.079302534,0,2026
102213$_$7,0,-1.0,0,-0.1433302462100982,-0.1433302462100982,0.5939541,0.09890466,0.30714118,0,2026
102389$_$5,0,-1.6666666269302368,0,-0.6369807124137878,-0.6369807124137878,0.81141084,0.091034904,0.097554244,0,2026
104741$_$0,1,0.0,1,0.0,0.0041273026727139,0.053827655,0.5646725,0.38149986,1,2026
104741$_$5,1,0.0,0,-1e-06,0.0779423266649246,0.44104263,0.28799483,0.27096248,0,2026
107585$_$12,0,-2.0,0,-2.516074657440185,-2.516074657440185,0.98463804,0.007143276,0.0082186535,0,2026
107585$_$18,0,-2.0,0,-2.170076847076416,-2.170076847076416,0.97057647,0.013386917,0.016036613,0,2026
107585$_$1,0,-0.6666666865348816,2,0.8836765289306641,0.8836765289306641,0.17018788,0.04124701,0.7885651,2,2026
108146$_$3,0,-1.6666666269302368,0,-1.0017683506011963,-1.0017683506011963,0.7743004,0.04344693,0.18225262,0,2026
110565$_$1,0,-1.0,2,1.4597959518432615,1.4597959518432615,0.08363448,0.031460684,0.8849048,2,2026
110565$_$5,2,1.0,2,1.5487749576568604,1.5487749576568604,0.06945707,0.034631956,0.895911,2,2026
111881$_$11,0,-1.0,0,-0.8501774668693542,-0.8501774668693542,0.7597942,0.14326675,0.096939005,0,2026
111881$_$10,0,-2.0,2,0.7391119599342346,0.7391119599342346,0.27031416,0.059078626,0.6706072,2,2026
111881$_$15,0,-2.0,0,-0.1695322096347808,-0.1695322096347808,0.69960874,0.10525176,0.19513945,0,2026
111881$_$4,0,-1.3333333730697632,0,-1e-06,0.0906516313552856,0.5424778,0.034589745,0.42293242,0,2026
111881$_$7,0,-2.0,0,-0.498594582080841,-0.498594582080841,0.7149831,0.06914919,0.21586764,0,2026
111881$_$6,2,0.3333333432674408,2,0.5919337272644043,0.5919337272644043,0.04587741,0.22957583,0.7245468,2,2026
112425$_$10,2,2.3333332538604736,2,0.4027164578437805,0.4027164578437805,0.15650982,0.18483111,0.6586591,2,2026
112425$_$1,2,0.6666666865348816,1,0.0,0.0653783828020095,0.04719536,0.6253139,0.32749075,1,2026
112425$_$7,2,1.3333333730697632,2,1.3566349744796753,1.3566349744796753,0.11393632,0.041958295,0.8441054,2,2026
112509$_$4,0,-2.0,0,-1.6095335483551023,-1.6095335483551023,0.93656266,0.04166794,0.021769358,0,2026
116213$_$3,0,-0.6666666865348816,0,-0.2321301996707916,-0.2321301996707916,0.47586948,0.38329753,0.140833,0,2026
121400$_$0,1,0.0,2,0.3371583521366119,0.3371583521366119,0.05215878,0.34454766,0.6032935,2,2026
126872$_$11,0,-2.0,0,-0.6428911685943604,-0.6428911685943604,0.7880267,0.13951771,0.07245563,0,2026
130366$_$11,0,-1.3333333730697632,0,-1.0375943183898926,-1.0375943183898926,0.7843841,0.07641235,0.1392036,0,2026
130366$_$2,2,0.3333333432674408,0,-0.474087506532669,-0.474087506532669,0.49551073,0.3305888,0.1739005,0,2026
130366$_$4,0,-0.3333333432674408,0,-0.3687603771686554,-0.3687603771686554,0.54031074,0.25924286,0.20044637,0,2026
132028$_$7,2,0.3333333432674408,2,1.3830254077911377,1.3830254077911377,0.1653436,0.06900504,0.76565135,2,2026
135623$_$5,0,-2.3333332538604736,0,-1.6828172206878662,-1.6828172206878662,0.91764957,0.018036831,0.064313605,0,2026
135623$_$8,0,-1.3333333730697632,2,1.1765844821929932,1.1765844821929932,0.057048105,0.048715357,0.8942365,2,2026
136196$_$0,2,0.3333333432674408,1,0.0,-0.0763969868421554,0.024360145,0.64591956,0.32972032,1,2026
136196$_$9,0,-2.0,0,-1.554309368133545,-1.554309368133545,0.9201248,0.0464499,0.033425227,0,2026
136196$_$8,0,-1.6666666269302368,0,-2.155179262161255,-2.155179262161255,0.9456249,0.021840837,0.03253431,0,2026
167521$_$17,2,1.3333333730697632,0,-0.5883340239524841,-0.5883340239524841,0.53599995,0.10994217,0.3540579,0,2026
167521$_$16,2,2.0,2,1.6693081855773926,1.6693081855773926,0.05931615,0.027730392,0.91295344,2,2026
167521$_$5,2,0.3333333432674408,0,-1.6193468570709229,-1.6193468570709229,0.86772364,0.036123328,0.09615304,0,2026
190743$_$13,0,-2.0,0,-0.8579619526863098,-0.8579619526863098,0.65012455,0.089933984,0.25994146,0,2026
190743$_$17,0,-2.0,0,-1.2775909900665283,-1.2775909900665283,0.8023384,0.12746991,0.0701917,0,2026
190743$_$5,0,-2.0,0,-2.233392238616944,-2.233392238616944,0.97839636,0.011567493,0.010036119,0,2026
194299$_$14,1,0.0,2,0.5931743383407593,0.5931743383407593,0.040040627,0.35854995,0.6014094,2,2026
194299$_$4,0,-1.0,0,-0.9398763179779052,-0.9398763179779052,0.76213473,0.05528259,0.1825827,0,2026
194299$_$9,1,0.0,1,0.0,-0.1696032881736755,0.17368425,0.47484252,0.3514732,1,2026
198112$_$12,2,2.0,2,1.4140502214431765,1.4140502214431765,0.24126482,0.03374376,0.7249914,2,2026
198112$_$0,2,0.3333333432674408,2,0.2063242793083191,0.2063242793083191,0.05855483,0.2943344,0.6471108,2,2026
198112$_$5,2,1.0,2,1.2149395942687988,1.2149395942687988,0.22102864,0.113292426,0.6656789,2,2026
198112$_$9,2,2.3333332538604736,0,-0.6735255718231201,-0.6735255718231201,0.74268687,0.065155335,0.19215785,0,2026
198112$_$8,2,2.0,0,-0.1492754518985748,-0.1492754518985748,0.6360594,0.1600981,0.2038425,0,2026
1HS2HcN2LDo$_$1,2,0.3333333432674408,2,0.4941379427909851,0.4941379427909851,0.07113353,0.23066358,0.69820285,2,2026
1HS2HcN2LDo$_$9,2,1.3333333730697632,2,0.7287516593933105,0.7287516593933105,0.10012647,0.21170488,0.68816864,2,2026
1S6ji_d4OLI$_$9,2,0.6666666865348816,2,0.6457620859146118,0.6457620859146118,0.070971176,0.3061297,0.6228991,2,2026
1jogeKX0wGw$_$4,2,1.0,2,0.8105722665786743,0.8105722665786743,0.004200141,0.032768823,0.96303105,2,2026
1pl2FVdQWj0$_$2,2,0.6666666865348816,2,0.642877459526062,0.642877459526062,0.11560364,0.09644636,0.78795004,2,2026
200941$_$10,0,-1.0,0,-1.9978294372558596,-1.9978294372558596,0.97741437,0.006873683,0.015711969,0,2026
202826$_$10,0,-1.6666666269302368,0,-1e-06,0.2940678596496582,0.5345917,0.09938322,0.36602515,0,2026
202826$_$7,2,1.0,2,0.7165358662605286,0.7165358662605286,0.2431928,0.13395622,0.62285095,2,2026
206585$_$3,1,0.0,2,0.1822242438793182,0.1822242438793182,0.109979674,0.25834322,0.6316771,2,2026
208322$_$12,0,-2.3333332538604736,2,0.8326101303100586,0.8326101303100586,0.1308922,0.06542852,0.8036793,2,2026
208592$_$2,1,0.0,1,0.0,-0.0023726816289126,0.028259886,0.7959411,0.17579907,1,2026
208592$_$9,0,-2.6666667461395264,0,-1.1645818948745728,-1.1645818948745728,0.8674966,0.076239444,0.056263976,0,2026
209758$_$15,2,1.3333333730697632,2,0.1534919738769531,0.1534919738769531,0.06743529,0.09248055,0.84008414,2,2026
209758$_$3,1,0.0,2,0.111944779753685,0.111944779753685,0.09413159,0.15998776,0.74588066,2,2026
209758$_$5,1,0.0,1,0.0,0.0249924585223197,0.071546026,0.4738575,0.4545965,1,2026
20LfN8ENbhM$_$1,2,2.0,2,1.5022627115249634,1.5022627115249634,0.015699942,0.019519497,0.96478057,2,2026
210259$_$11,0,-3.0,0,-2.2650742530822754,-2.2650742530822754,0.9332507,0.035981778,0.030767579,0,2026
210259$_$16,0,-2.3333332538604736,0,-2.144170045852661,-2.144170045852661,0.97116435,0.01886853,0.009967148,0,2026
210259$_$0,1,0.0,1,0.0,0.1138690561056137,0.03922114,0.4866655,0.47411332,1,2026
210259$_$8,0,-2.3333332538604736,0,-2.2557079792022705,-2.2557079792022705,0.98832905,0.0060682693,0.005602742,0,2026
210433$_$0,1,0.0,1,0.0,0.064881756901741,0.121614255,0.55896175,0.31942403,1,2026
210433$_$7,0,-2.0,0,-2.2382376194000244,-2.2382376194000244,0.96467805,0.011943643,0.023378262,0,2026
211875$_$4,0,-1.6666666269302368,2,1.4715118408203125,1.4715118408203125,0.044510227,0.0814491,0.87404066,2,2026
211875$_$8,0,-1.3333333730697632,0,-0.9056712985038756,-0.9056712985038756,0.58694935,0.23331639,0.17973423,0,2026
213327$_$6,0,-2.3333332538604736,0,-0.9373904466629028,-0.9373904466629028,0.6886475,0.12366479,0.18768772,0,2026
213327$_$8,0,-2.0,0,-0.8789441585540771,-0.8789441585540771,0.6272656,0.13738315,0.23535125,0,2026
215318$_$12,1,0.0,0,-0.5255517959594727,-0.5255517959594727,0.6196022,0.21887223,0.1615256,0,2026
221137$_$2,1,0.0,0,-0.0166900195181369,-0.0166900195181369,0.40019923,0.31642509,0.28337568,0,2026
221137$_$5,0,-2.0,0,-1.4686399698257446,-1.4686399698257446,0.9271729,0.03261856,0.040208466,0,2026
221153$_$14,0,-1.6666666269302368,0,-1.3294641971588137,-1.3294641971588137,0.9389875,0.034571014,0.026441569,0,2026
221153$_$16,0,-0.6666666865348816,0,-0.31601282954216,-0.31601282954216,0.79466945,0.07242396,0.13290662,0,2026
221153$_$6,1,0.0,1,0.0,-0.5371788740158081,0.286156,0.5783422,0.13550185,1,2026
221153$_$20,2,0.3333333432674408,1,0.0,0.0695890933275222,0.2553078,0.5295438,0.21514843,1,2026
22373$_$10,0,-2.6666667461395264,0,-1.5144484043121338,-1.5144484043121338,0.92171484,0.02053797,0.05774717,0,2026
22373$_$1,1,0.0,1,0.0,-0.2392595708370208,0.13592716,0.7842974,0.07977552,1,2026
22373$_$2,0,-2.3333332538604736,0,-0.4448252320289612,-0.4448252320289612,0.58242095,0.10786763,0.30971143,0,2026
22373$_$7,1,0.0,0,-0.8014612197875977,-0.8014612197875977,0.6754959,0.18559211,0.13891198,0,2026
224263$_$13,2,0.6666666865348816,2,1.7382519245147705,1.7382519245147705,0.013357832,0.03139438,0.9552478,2,2026
224263$_$14,0,-2.3333332538604736,0,-0.8724337220191956,-0.8724337220191956,0.8854507,0.05811174,0.056437496,0,2026
224263$_$3,0,-2.3333332538604736,0,-1.963978171348572,-1.963978171348572,0.98712385,0.0065575764,0.00631861,0,2026
224370$_$3,0,-2.0,0,-0.8837355375289917,-0.8837355375289917,0.87560743,0.09504657,0.029346012,0,2026
224370$_$5,0,-2.6666667461395264,2,0.2751578390598297,0.2751578390598297,0.22274019,0.25032127,0.52693856,2,2026
224370$_$11,2,0.3333333432674408,0,-1e-06,0.1563079059123993,0.52252495,0.21752094,0.25995407,0,2026
224370$_$15,0,-1.6666666269302368,0,-1.1320011615753174,-1.1320011615753174,0.8291224,0.12151565,0.04936197,0,2026
224631$_$5,2,0.3333333432674408,2,0.3392002880573272,0.3392002880573272,0.049023293,0.26328367,0.68769306,2,2026
226601$_$11,0,-1.3333333730697632,0,-1.946739673614502,-1.946739673614502,0.9056915,0.075626984,0.018681535,0,2026
226601$_$18,0,-2.0,0,-1.5947492122650146,-1.5947492122650146,0.82915306,0.063437864,0.10740903,0,2026
226601$_$0,2,0.3333333432674408,1,0.0,0.0797519832849502,0.101942,0.6688205,0.2292375,1,2026
226640$_$9,1,0.0,2,0.7793510556221008,0.7793510556221008,0.19477239,0.0481353,0.75709224,2,2026
22689$_$1,0,-2.0,0,-1.3341588973999023,-1.3341588973999023,0.6878582,0.04592253,0.26621926,0,2026
22689$_$0,1,0.0,1,0.0,-0.3603442907333374,0.23541547,0.538659,0.2259256,1,2026
234046$_$1,1,0.0,1,0.0,-0.0292080547660589,0.15394802,0.73920137,0.106850594,1,2026
236442$_$3,0,-1.3333333730697632,0,-0.009791849181056,-0.009791849181056,0.44143337,0.1790583,0.3795084,0,2026
23656$_$1,1,0.0,2,0.2137219607830047,0.2137219607830047,0.09261014,0.31245765,0.5949322,2,2026
23656$_$0,2,0.3333333432674408,1,0.0,0.3511181473731994,0.029023297,0.61237544,0.35860127,1,2026
23656$_$2,2,1.0,2,0.8309760689735413,0.8309760689735413,0.026304051,0.04736205,0.92633384,2,2026
23656$_$7,0,-2.0,0,-0.3708834648132324,-0.3708834648132324,0.45919666,0.17669839,0.36410496,0,2026
23656$_$9,0,-1.3333333730697632,0,-1.2217215299606323,-1.2217215299606323,0.8028096,0.114066936,0.08312343,0,2026
23656$_$15,2,0.3333333432674408,2,1.0559508800506592,1.0559508800506592,0.009521457,0.04498452,0.9454941,2,2026
237363$_$10,1,0.0,0,-0.6410093307495117,-0.6410093307495117,0.68498784,0.2795057,0.0355065,0,2026
237363$_$4,1,0.0,1,0.0,-0.0091142188757658,0.11550905,0.63398933,0.25050163,1,2026
238063$_$15,0,-1.3333333730697632,0,-1.8578171730041504,-1.8578171730041504,0.92503995,0.01966147,0.05529852,0,2026
238063$_$17,2,1.0,0,-0.5745236873626709,-0.5745236873626709,0.5061856,0.15830927,0.3355052,0,2026
238063$_$16,0,-1.0,2,1.458071231842041,1.458071231842041,0.19333963,0.04747539,0.75918496,2,2026
238063$_$7,0,-0.3333333432674408,0,-0.8010669946670532,-0.8010669946670532,0.7075688,0.0957336,0.19669753,0,2026
24196$_$0,2,0.3333333432674408,1,0.0,0.4492498636245727,0.07912602,0.6740495,0.24682446,1,2026
24196$_$3,0,-0.3333333432674408,0,-2.2002203464508057,-2.2002203464508057,0.97997004,0.01467986,0.0053500514,0,2026
243981$_$10,0,-2.3333332538604736,0,-2.262105941772461,-2.262105941772461,0.9545262,0.017195355,0.02827841,0,2026
243981$_$1,1,0.0,2,0.0390449687838554,0.0390449687838554,0.19627336,0.13756861,0.6661581,2,2026
243981$_$4,0,-2.3333332538604736,0,-1.2436991930007937,-1.2436991930007937,0.8178311,0.055723064,0.12644583,0,2026
243981$_$6,0,-2.0,0,-1.2413192987442017,-1.2413192987442017,0.7655911,0.041251235,0.19315773,0,2026
24504$_$10,2,0.6666666865348816,2,0.7180094122886658,0.7180094122886658,0.07553803,0.24646914,0.6779928,2,2026
245582$_$11,0,-1.6666666269302368,0,-2.1278293132781982,-2.1278293132781982,0.9645559,0.013498572,0.021945534,0,2026
245582$_$13,2,0.3333333432674408,2,0.5200936794281006,0.5200936794281006,0.2615787,0.24516478,0.49325648,2,2026
245582$_$16,2,1.0,0,-2.0858068466186523,-2.0858068466186523,0.97083753,0.015292912,0.01386954,0,2026
245582$_$4,0,-1.3333333730697632,0,-1.8938007354736328,-1.8938007354736328,0.9276727,0.021866877,0.05046053,0,2026
252097$_$12,0,-2.3333332538604736,0,-1.9951107501983645,-1.9951107501983645,0.9650509,0.009751066,0.025198046,0,2026
252097$_$4,0,-1.3333333730697632,0,-2.037044048309326,-2.037044048309326,0.96367437,0.012031085,0.024294572,0,2026
252912$_$13,0,-1.6666666269302368,0,-1.6160434484481812,-1.6160434484481812,0.85140115,0.049229544,0.099369295,0,2026
257277$_$1,2,0.3333333432674408,2,0.116819366812706,0.116819366812706,0.12598875,0.26973143,0.6042798,2,2026
257277$_$3,2,1.0,1,0.0,-0.1827017217874527,0.39909616,0.45125988,0.14964396,1,2026
257277$_$5,0,-2.0,1,0.0,-0.3006607890129089,0.39608768,0.5158986,0.08801377,1,2026
257534$_$4,1,0.0,1,0.0,-0.1835588812828064,0.16096088,0.7306456,0.10839355,1,2026
267466$_$24,2,0.6666666865348816,0,-0.2130878567695617,-0.2130878567695617,0.44127157,0.21915793,0.3395705,0,2026
267466$_$44,0,-2.6666667461395264,0,-1.7806134223937988,-1.7806134223937988,0.80135137,0.13431534,0.064333275,0,2026
267466$_$42,0,-2.3333332538604736,0,-1.760551929473877,-1.760551929473877,0.9190806,0.032655645,0.048263732,0,2026
267466$_$9,0,-1.0,0,-0.3389396071434021,-0.3389396071434021,0.49006063,0.38075194,0.12918746,0,2026
267466$_$13,1,0.0,1,0.0,-0.0566618666052818,0.33167312,0.5416658,0.1266611,1,2026
267466$_$38,1,0.0,0,-1.3337960243225098,-1.3337960243225098,0.92326045,0.05030784,0.02643162,0,2026
267466$_$35,0,-1.0,0,-1.7050033807754517,-1.7050033807754517,0.91222376,0.023588847,0.06418742,0,2026
267466$_$34,0,-2.3333332538604736,0,-2.0613179206848145,-2.0613179206848145,0.9161531,0.036950625,0.046896342,0,2026
267694$_$14,0,-2.3333332538604736,0,-2.1409225463867188,-2.1409225463867188,0.9506721,0.026377227,0.02295069,0,2026
267694$_$16,0,-1.0,0,-0.7444965839385986,-0.7444965839385986,0.651143,0.27556688,0.07329012,0,2026
267694$_$3,0,-0.3333333432674408,0,-1.81502902507782,-1.81502902507782,0.90704626,0.07637538,0.016578376,0,2026
267694$_$5,1,0.0,2,1e-06,-0.1998368501663208,0.18643697,0.34963018,0.46393287,2,2026
267694$_$4,1,0.0,0,-0.7766129970550537,-0.7766129970550537,0.4942719,0.24008793,0.26564017,0,2026
267694$_$7,0,-2.0,0,-2.1226210594177246,-2.1226210594177246,0.96379185,0.015606258,0.020601869,0,2026
267694$_$6,0,-1.6666666269302368,0,-2.053722858428955,-2.053722858428955,0.9186604,0.030081322,0.051258285,0,2026
273207$_$0,1,0.0,1,0.0,-0.0867068246006965,0.05154813,0.81282425,0.13562764,1,2026
273207$_$5,2,0.3333333432674408,0,-1.2237062454223633,-1.2237062454223633,0.6088654,0.17657894,0.21455568,0,2026
273207$_$7,0,-0.3333333432674408,0,-2.314815044403076,-2.314815044403076,0.95848763,0.033457335,0.008055054,0,2026
273207$_$9,0,-0.3333333432674408,2,0.7467789649963379,0.7467789649963379,0.069615945,0.21610233,0.71428174,2,2026
273250$_$20,0,-0.3333333432674408,0,-0.7350247502326965,-0.7350247502326965,0.5389632,0.26856798,0.19246882,0,2026
273250$_$3,0,-0.6666666865348816,1,0.0,-0.7545810341835022,0.44777787,0.4702218,0.08200043,1,2026
273250$_$7,0,-0.3333333432674408,1,0.0,0.1508070677518844,0.108687736,0.5465301,0.34478217,1,2026
273250$_$11,0,-1.3333333730697632,1,0.0,-0.1007002890110015,0.1704267,0.5318398,0.2977335,1,2026
273250$_$12,0,-2.6666667461395264,1,0.0,-0.2601938247680664,0.19552866,0.51944005,0.28503123,1,2026
273250$_$16,0,-2.3333332538604736,2,1e-06,-0.2953529953956604,0.2755684,0.3440011,0.38043052,2,2026
273250$_$19,1,0.0,0,-0.4404594004154205,-0.4404594004154205,0.5800512,0.22383103,0.19611776,0,2026
275267$_$5,1,0.0,0,-1.502087116241455,-1.502087116241455,0.78097904,0.17130797,0.04771307,0,2026
27v7Blr0vjw$_$0,0,-0.3333333432674408,2,0.1051722019910812,0.1051722019910812,0.12448662,0.39654037,0.47897297,2,2026
27v7Blr0vjw$_$3,1,0.0,2,0.3978984355926513,0.3978984355926513,0.039673787,0.30045077,0.6598754,2,2026
28006$_$22,0,-2.3333332538604736,0,-1.4896241426467896,-1.4896241426467896,0.88229185,0.031985458,0.08572258,0,2026
28006$_$0,0,-2.6666667461395264,0,-0.6389719843864441,-0.6389719843864441,0.4329141,0.38136557,0.18572035,0,2026
28006$_$5,0,-1.6666666269302368,0,-1.3581156730651855,-1.3581156730651855,0.7884786,0.15029803,0.06122337,0,2026
28006$_$7,0,-2.3333332538604736,0,-1.753645658493042,-1.753645658493042,0.94236416,0.028216904,0.029418943,0,2026
28006$_$13,0,-2.3333332538604736,0,-1.5360844135284424,-1.5360844135284424,0.82388836,0.04238353,0.1337281,0,2026
28006$_$15,0,-1.6666666269302368,0,-1.9724721908569336,-1.9724721908569336,0.9773719,0.011096801,0.011531284,0,2026
28006$_$17,0,-2.0,1,0.0,-0.2263917177915573,0.36889008,0.42497808,0.20613189,1,2026
28006$_$16,0,-1.3333333730697632,0,-1.801512122154236,-1.801512122154236,0.8850661,0.06629038,0.048643507,0,2026
286943$_$5,0,-1.3333333730697632,0,-1.0857106447219849,-1.0857106447219849,0.81213367,0.038205463,0.14966092,0,2026
29751$_$10,1,0.0,0,-0.4733620882034302,-0.4733620882034302,0.5836561,0.24234432,0.17399964,0,2026
29751$_$1,1,0.0,1,0.0,0.1393775194883346,0.046942297,0.70073783,0.25231993,1,2026
29751$_$9,1,0.0,0,-0.92203950881958,-0.92203950881958,0.8148325,0.1591183,0.026049132,0,2026
2BuFtglEcaY$_$11,2,2.3333332538604736,2,1.1134982109069824,1.1134982109069824,0.027083209,0.049548946,0.9233679,2,2026
2BuFtglEcaY$_$6,2,1.0,2,0.7858545184135437,0.7858545184135437,0.024546707,0.17102988,0.80442333,2,2026
2ItiGjefTRA$_$3,1,0.0,0,-0.3704659938812256,-0.3704659938812256,0.508267,0.25479573,0.23693731,0,2026
2ItiGjefTRA$_$4,0,-0.6666666865348816,0,-0.8294926285743713,-0.8294926285743713,0.77504265,0.1432268,0.081730545,0,2026
2W-U94hXuK0$_$3,0,-3.0,0,-1.5262789726257324,-1.5262789726257324,0.9221987,0.052109282,0.025692096,0,2026
2W-U94hXuK0$_$4,0,-2.0,0,-1.3351470232009888,-1.3351470232009888,0.8946541,0.062009692,0.04333622,0,2026
2fbBrB1nJEQ$_$0,2,2.0,2,1.3075474500656128,1.3075474500656128,0.061450135,0.055260178,0.88328975,2,2026
2m58ShI1QSI$_$2,2,0.3333333432674408,2,0.6159197092056274,0.6159197092056274,0.028744424,0.20793565,0.7633199,2,2026
2vsgDSlJ9pU$_$0,1,0.0,2,0.2495553791522979,0.2495553791522979,0.03163704,0.45590147,0.5124614,2,2026
2vsgDSlJ9pU$_$13,2,0.6666666865348816,2,1.0020756721496582,1.0020756721496582,0.06705317,0.06679888,0.86614794,2,2026
2ze94yo2aPo$_$0,2,2.0,2,0.8788336515426636,0.8788336515426636,0.018655213,0.14851174,0.8328331,2,2026
2ze94yo2aPo$_$5,2,1.0,2,0.2755154073238373,0.2755154073238373,0.06497474,0.28717768,0.64784753,2,2026
35694$_$10,1,0.0,0,-0.4245743751525879,-0.4245743751525879,0.48697942,0.33745152,0.17556913,0,2026
35694$_$17,0,-1.6666666269302368,0,-0.8503255844116211,-0.8503255844116211,0.6922056,0.06337881,0.24441549,0,2026
3At-BKm9eYk$_$5,0,-0.3333333432674408,2,0.284814715385437,0.284814715385437,0.39637852,0.018944455,0.58467704,2,2026
3HyAaqre_Fk$_$2,2,1.0,2,0.6623319983482361,0.6623319983482361,0.19723803,0.11534814,0.6874139,2,2026
3HyAaqre_Fk$_$6,2,1.3333333730697632,2,1.7993595600128174,1.7993595600128174,0.015461391,0.023458589,0.96108,2,2026
3OYY5Tsz_2k$_$7,1,0.0,2,0.1508112698793411,0.1508112698793411,0.034698535,0.46112603,0.5041754,2,2026
3REPHw7oLWo$_$13,2,0.3333333432674408,2,0.784265398979187,0.784265398979187,0.043880988,0.06423984,0.89187926,2,2026
3wHE78v9zr4$_$24,2,1.3333333730697632,2,1.0024142265319824,1.0024142265319824,0.1007584,0.097145826,0.8020958,2,2026
3wHE78v9zr4$_$7,2,1.6666666269302368,2,0.6225305199623108,0.6225305199623108,0.03318163,0.1318025,0.8350159,2,2026
3wHE78v9zr4$_$9,2,0.3333333432674408,2,0.8003988265991211,0.8003988265991211,0.05506351,0.053974353,0.8909621,2,2026
3wHE78v9zr4$_$12,2,1.0,2,0.1266033947467804,0.1266033947467804,0.22754355,0.07013013,0.7023263,2,2026
41381$_$7,1,0.0,1,0.0,-0.6932372450828552,0.43148232,0.47163832,0.0968793,1,2026
41381$_$8,2,1.0,2,1e-06,-0.0810956805944442,0.36903524,0.20911923,0.4218455,2,2026
424SXFTCFsA$_$3,2,1.3333333730697632,2,1.4283244609832764,1.4283244609832764,0.014528504,0.057859737,0.9276117,2,2026
424SXFTCFsA$_$2,2,1.3333333730697632,2,0.3561071753501892,0.3561071753501892,0.09266675,0.102156915,0.80517626,2,2026
424SXFTCFsA$_$4,2,2.0,2,1.196927785873413,1.196927785873413,0.0035336984,0.07566509,0.9208012,2,2026
46495$_$9,0,-2.0,0,-1.9865784645080569,-1.9865784645080569,0.96154964,0.009127362,0.029322986,0,2026
46615$_$1,0,-1.3333333730697632,0,-0.9901162385940552,-0.9901162385940552,0.7133649,0.17497225,0.11166274,0,2026
4EDblUpJieU$_$7,2,1.3333333730697632,2,1.233522653579712,1.233522653579712,0.033838894,0.045776933,0.9203842,2,2026
53609$_$10,0,-2.0,0,-2.329653024673462,-2.329653024673462,0.9817599,0.009308838,0.008931254,0,2026
53609$_$13,0,-2.0,0,-1.9227192401885984,-1.9227192401885984,0.9560609,0.020436915,0.023502307,0,2026
53609$_$3,1,0.0,0,-1.1312376260757446,-1.1312376260757446,0.824776,0.09230563,0.08291843,0,2026
53609$_$7,0,-1.6666666269302368,0,-1.9577038288116453,-1.9577038288116453,0.9432367,0.025638096,0.031125076,0,2026
53766$_$4,2,2.3333332538604736,2,1.2610743045806885,1.2610743045806885,0.03597561,0.108440414,0.855584,2,2026
53766$_$9,2,2.0,2,0.8189123868942261,0.8189123868942261,0.025154987,0.07197278,0.9028722,2,2026
56989$_$12,0,-0.6666666865348816,0,-0.3384547829627991,-0.3384547829627991,0.6259959,0.10816827,0.26583585,0,2026
56989$_$5,0,-2.3333332538604736,0,-2.205190658569336,-2.205190658569336,0.9552054,0.02218387,0.02261067,0,2026
56989$_$9,2,1.0,2,0.9779797792434692,0.9779797792434692,0.014729252,0.050067484,0.9352032,2,2026
59673$_$4,2,1.0,0,-1.1429877281188965,-1.1429877281188965,0.62770426,0.21976882,0.15252692,0,2026
59673$_$6,0,-0.3333333432674408,0,-1.6156693696975708,-1.6156693696975708,0.80667007,0.17950726,0.013822697,0,2026
5eY4S1F62Z4$_$13,2,0.3333333432674408,0,-0.4673776924610138,-0.4673776924610138,0.6797183,0.16674608,0.1535356,0,2026
5eY4S1F62Z4$_$17,2,0.3333333432674408,1,0.0,-0.1140160262584686,0.14847763,0.45404276,0.39747965,1,2026
5fKPJPFqPho$_$2,2,0.6666666865348816,2,0.292680561542511,0.292680561542511,0.01170299,0.22876498,0.7595321,2,2026
5lrDS7LluCA$_$4,2,1.0,2,1.7090144157409668,1.7090144157409668,0.061694317,0.019720398,0.9185853,2,2026
5pxFqJ5hKMU$_$2,1,0.0,2,0.4385627210140228,0.4385627210140228,0.0118906675,0.3933202,0.5947892,2,2026
5vwXp27bCLw$_$16,1,0.0,1,0.0,-0.1660377234220504,0.39596117,0.47129902,0.1327398,1,2026
5xa0Ac2krGs$_$2,0,-0.3333333432674408,0,-0.3063001036643982,-0.3063001036643982,0.3589167,0.33163202,0.3094513,0,2026
5xa0Ac2krGs$_$7,2,0.3333333432674408,1,0.0,0.1871044784784317,0.016244873,0.50418454,0.4795706,1,2026
61531$_$3,1,0.0,1,0.0,-0.1067042201757431,0.049634155,0.5863336,0.3640322,1,2026
61531$_$9,2,2.0,2,1.7751803398132324,1.7751803398132324,0.058747623,0.12571064,0.81554174,2,2026
63951$_$1,1,0.0,1,0.0,-0.0014988852199167,0.24884838,0.39810106,0.3530506,1,2026
67uKYi7mslE$_$3,2,0.6666666865348816,2,0.2418287396430969,0.2418287396430969,0.084126756,0.3854189,0.53045434,2,2026
67uKYi7mslE$_$4,1,0.0,2,0.133611112833023,0.133611112833023,0.18844728,0.30294865,0.50860405,2,2026
69824$_$5,0,-2.6666667461395264,0,-2.0284316539764404,-2.0284316539764404,0.9521678,0.0072510224,0.04058108,0,2026
6EDoVEm16fU$_$13,2,1.3333333730697632,2,1.530639410018921,1.530639410018921,0.015871791,0.074358225,0.90977,2,2026
6EDoVEm16fU$_$4,2,1.6666666269302368,2,1.146120309829712,1.146120309829712,0.032796215,0.047499232,0.9197045,2,2026
6EDoVEm16fU$_$6,2,1.0,2,0.5627446174621582,0.5627446174621582,0.25709942,0.080736086,0.6621645,2,2026
6EJHA6IDLNk$_$3,2,0.6666666865348816,2,0.3953782916069031,0.3953782916069031,0.09224341,0.45172665,0.45602995,2,2026
6EJHA6IDLNk$_$4,1,0.0,2,0.7893881797790527,0.7893881797790527,0.09324497,0.11468055,0.79207444,2,2026
6RFVsOWK1m4$_$7,0,-0.6666666865348816,0,-1.4150331020355225,-1.4150331020355225,0.9103267,0.052336022,0.037337273,0,2026
6RFVsOWK1m4$_$9,2,1.0,2,0.5326932668685913,0.5326932668685913,0.021235889,0.14316824,0.8355959,2,2026
6brtMLkjjYk$_$0,2,2.0,2,0.5242406725883484,0.5242406725883484,0.097798385,0.11604042,0.7861612,2,2026
6gtfeIqGasE$_$0,2,1.3333333730697632,2,1.3129146099090576,1.3129146099090576,0.059547354,0.044579428,0.8958733,2,2026
6uoM8-9d0zA$_$4,2,0.6666666865348816,2,0.493672102689743,0.493672102689743,0.007842617,0.2761179,0.7160394,2,2026
79356$_$7,2,2.6666667461395264,0,-0.1250118315219879,-0.1250118315219879,0.48836282,0.16625479,0.34538242,0,2026
79356$_$9,2,1.0,0,-0.1815978735685348,-0.1815978735685348,0.46076155,0.4138827,0.12535575,0,2026
7IxmlIwqigw$_$20,2,0.6666666865348816,2,0.2920857965946197,0.2920857965946197,0.1378242,0.23536609,0.6268098,2,2026
7IxmlIwqigw$_$16,2,0.6666666865348816,2,0.6249063014984131,0.6249063014984131,0.024252784,0.07875407,0.89699316,2,2026
7deoh0NoMs4$_$0,2,2.0,2,0.7685940265655518,0.7685940265655518,0.012017338,0.077440254,0.9105424,2,2026
7f3ndBCx_JE$_$19,2,2.0,2,1.4939863681793213,1.4939863681793213,0.008544382,0.0291652,0.9622904,2,2026
7mb8Y2AhXIY$_$6,2,2.0,2,0.6170955896377563,0.6170955896377563,0.042375203,0.084610894,0.873014,2,2026
83400$_$5,1,0.0,0,-0.633907675743103,-0.633907675743103,0.61478496,0.23860966,0.14660542,0,2026
86c2OkQ3_U8$_$22,2,2.0,2,0.930724024772644,0.930724024772644,0.02494303,0.0423358,0.9327212,2,2026
86c2OkQ3_U8$_$3,2,0.6666666865348816,2,0.569254457950592,0.569254457950592,0.025607955,0.17601286,0.7983791,2,2026
88791$_$15,2,0.3333333432674408,2,0.7138293981552124,0.7138293981552124,0.037263766,0.18647604,0.77626014,2,2026
88791$_$1,0,-1.0,1,0.0,-0.0516407564282417,0.068637036,0.83916724,0.09219574,1,2026
88791$_$2,1,0.0,1,0.0,-0.3036502301692962,0.27925542,0.68621427,0.034530267,1,2026
8XZszYrUSCQ$_$0,2,1.0,2,1.2313072681427002,1.2313072681427002,0.007410367,0.14633705,0.8462526,2,2026
8i7u3fl-hP8$_$0,2,1.3333333730697632,2,1.3656541109085083,1.3656541109085083,0.1110391,0.07523618,0.81372476,2,2026
8lfS97s2AKc$_$0,0,-1.3333333730697632,0,-1.687618374824524,-1.687618374824524,0.90284914,0.026208902,0.07094194,0,2026
8lfS97s2AKc$_$7,0,-1.0,1,0.0,0.1680924147367477,0.14707792,0.44872344,0.40419862,1,2026
8wNr-NQImFg$_$8,2,0.3333333432674408,2,0.6076062321662903,0.6076062321662903,0.029214077,0.26154917,0.7092368,2,2026
8wQhzezNcUY$_$1,2,2.0,2,1.471049427986145,1.471049427986145,0.016857326,0.08132544,0.9018172,2,2026
8wQhzezNcUY$_$2,2,1.0,2,1.4167630672454834,1.4167630672454834,0.02747368,0.03858858,0.9339377,2,2026
91844$_$10,0,-0.3333333432674408,0,-0.443787157535553,-0.443787157535553,0.6257625,0.23962033,0.13461716,0,2026
91844$_$5,2,3.0,0,-1.1266541481018066,-1.1266541481018066,0.60952175,0.20399429,0.18648398,0,2026
91844$_$7,2,0.6666666865348816,0,-0.9734002947807312,-0.9734002947807312,0.73367566,0.07913494,0.18718942,0,2026
91844$_$9,0,-0.3333333432674408,0,-0.533336341381073,-0.533336341381073,0.44167617,0.25802818,0.30029565,0,2026
92291$_$1,2,1.3333333730697632,1,0.0,-0.003370149526745,0.25088832,0.4109724,0.33813933,1,2026
92291$_$2,1,0.0,2,0.203264370560646,0.203264370560646,0.21206862,0.29756862,0.49036273,2,2026
92291$_$5,0,-2.3333332538604736,0,-1.6904120445251465,-1.6904120445251465,0.91120976,0.012497939,0.076292284,0,2026
92496$_$0,0,-2.6666667461395264,0,-0.4382597804069519,-0.4382597804069519,0.59475344,0.34730354,0.05794303,0,2026
93iGT5oueTA$_$12,0,-2.0,0,-2.130321979522705,-2.130321979522705,0.9370424,0.015399367,0.047558267,0,2026
93iGT5oueTA$_$4,2,1.3333333730697632,2,0.4599179029464721,0.4599179029464721,0.14254107,0.40251103,0.45494786,2,2026
94481$_$2,2,0.6666666865348816,0,-0.7468966245651245,-0.7468966245651245,0.49767312,0.26976144,0.2325654,0,2026
94481$_$4,2,2.6666667461395264,2,0.1968353986740112,0.1968353986740112,0.16061041,0.20496616,0.63442343,2,2026
97ENTofrmNo$_$0,2,1.3333333730697632,2,0.8060944080352783,0.8060944080352783,0.055649467,0.18422739,0.76012313,2,2026
9GzFQBljNIY$_$0,1,0.0,1,0.0,-0.3272625803947449,0.31206417,0.54470927,0.1432266,1,2026
9PzZSheh10U$_$24,2,2.3333332538604736,2,0.5700217485427856,0.5700217485427856,0.013399366,0.10185489,0.88474584,2,2026
9PzZSheh10U$_$23,2,0.6666666865348816,2,1e-06,-0.0503148771822452,0.17495435,0.23715946,0.58788615,2,2026
9PzZSheh10U$_$5,1,0.0,1,0.0,0.124375931918621,0.09067188,0.48545456,0.42387357,1,2026
9PzZSheh10U$_$19,2,0.3333333432674408,1,0.0,0.1949953436851501,0.029031482,0.55546916,0.41549936,1,2026
9cYNT_YSo8o$_$2,0,-1.0,0,-1.002330303192139,-1.002330303192139,0.8342052,0.046102747,0.11969215,0,2026
9orb0lQnVW4$_$0,1,0.0,1,0.0,-0.0497192740440368,0.31189594,0.4180953,0.2700088,1,2026
A1lFJXUpxZo$_$7,2,1.6666666269302368,2,1.0549538135528564,1.0549538135528564,0.010066362,0.06106422,0.9288695,2,2026
AB1PbMaW03s$_$13,1,0.0,1,0.0,-0.142868623137474,0.29885286,0.40849033,0.29265678,1,2026
AB1PbMaW03s$_$3,2,0.3333333432674408,2,0.103152148425579,0.103152148425579,0.0146734845,0.42083085,0.5644957,2,2026
AB1PbMaW03s$_$8,1,0.0,1,0.0,-0.0917195752263069,0.1675685,0.64771324,0.18471824,1,2026
AHiA9hohKr8$_$0,1,0.0,2,0.8454124331474304,0.8454124331474304,0.043096855,0.1154208,0.84148234,2,2026
C5-cY1nPQ20$_$11,2,0.6666666865348816,2,1.2517778873443604,1.2517778873443604,0.05037145,0.08213097,0.8674975,2,2026
C5-cY1nPQ20$_$8,2,0.3333333432674408,2,0.8657892942428589,0.8657892942428589,0.080983534,0.22679985,0.6922166,2,2026
CKqDDh50gcU$_$14,2,1.3333333730697632,2,0.9179545640945436,0.9179545640945436,0.010529305,0.0682691,0.9212016,2,2026
CKqDDh50gcU$_$6,2,1.6666666269302368,2,0.6322380900382996,0.6322380900382996,0.02782211,0.073903315,0.89827454,2,2026
CO2YoTZbUr0$_$0,1,0.0,0,-1.2401822805404663,-1.2401822805404663,0.87387425,0.076935,0.049190715,0,2026
CO6n-skQJss$_$0,1,0.0,2,0.1008668541908264,0.1008668541908264,0.15088232,0.1117126,0.7374051,2,2026
CO6n-skQJss$_$3,0,-1.3333333730697632,2,1e-06,-0.4225166738033294,0.22738388,0.18507057,0.5875455,2,2026
CU6U-gS76K4$_$20,2,1.6666666269302368,2,0.8089790344238281,0.8089790344238281,0.056285486,0.07804178,0.86567277,2,2026
CbRexsp1HKw$_$7,1,0.0,0,-0.0647343322634697,-0.0647343322634697,0.5137294,0.111781724,0.37448886,0,2026
ChhZna-aBK4$_$10,2,0.3333333432674408,2,1e-06,-0.0299639366567134,0.1187664,0.16402356,0.71721,2,2026
ChhZna-aBK4$_$16,1,0.0,2,0.2076347768306732,0.2076347768306732,0.011930955,0.3513247,0.6367443,2,2026
ChhZna-aBK4$_$8,2,0.6666666865348816,2,0.4648297727108001,0.4648297727108001,0.0117524285,0.15392809,0.83431953,2,2026
DVAY-u_cJWU$_$5,2,1.0,2,1.3317365646362305,1.3317365646362305,0.026708845,0.039491206,0.93379986,2,2026
DjcZrtcBZi4$_$10,2,0.3333333432674408,2,0.2959095537662506,0.2959095537662506,0.1387505,0.15700543,0.704244,2,2026
DjcZrtcBZi4$_$8,1,0.0,2,0.2851969599723816,0.2851969599723816,0.03034864,0.22889648,0.7407549,2,2026
DnBHq5I52LM$_$5,0,-1.3333333730697632,0,-1.4094218015670776,-1.4094218015670776,0.6971701,0.25209135,0.05073853,0,2026
DtbT85s3i94$_$5,2,1.0,2,0.0767771750688552,0.0767771750688552,0.30481791,0.1666223,0.5285598,2,2026
EMS14J0odIE$_$16,0,-0.3333333432674408,2,0.1152288913726806,0.1152288913726806,0.11579322,0.35959345,0.5246134,2,2026
EO_5o9Gup6g$_$10,0,-0.6666666865348816,0,-0.8414946794509888,-0.8414946794509888,0.6101716,0.12074298,0.2690854,0,2026
EO_5o9Gup6g$_$4,0,-1.0,2,1e-06,-0.6017135381698608,0.41442552,0.06104988,0.5245246,2,2026
EO_5o9Gup6g$_$6,0,-2.0,0,-1.27909255027771,-1.27909255027771,0.6749602,0.12595925,0.19908054,0,2026
EyoMU2yoJPY$_$11,2,1.6666666269302368,2,1.474445104598999,1.474445104598999,0.009839685,0.04996556,0.9401947,2,2026
EyoMU2yoJPY$_$7,0,-0.3333333432674408,0,-0.2031719386577606,-0.2031719386577606,0.7052012,0.063908726,0.23089008,0,2026
F2hc2FLOdhI$_$3,2,1.0,0,-1.1603457927703855,-1.1603457927703855,0.9029001,0.038691994,0.05840799,0,2026
F2hc2FLOdhI$_$5,2,1.0,0,-1e-06,0.109062485396862,0.43231726,0.1416884,0.4259944,0,2026
F8eQI8E-6q4$_$3,0,-0.6666666865348816,0,-1.9786959886550903,-1.9786959886550903,0.9401589,0.037666194,0.022174973,0,2026
FHDVQkU-nGI$_$7,2,2.0,2,1.8833624124526975,1.8833624124526975,0.032082587,0.020029508,0.9478879,2,2026
F_YaG_pvZrA$_$11,1,0.0,2,0.9142719507217408,0.9142719507217408,0.018712228,0.05063792,0.93064976,2,2026
GAVpYuhMZAw$_$12,2,1.0,1,0.0,0.0342206098139286,0.26314577,0.42297003,0.31388423,1,2026
GAVpYuhMZAw$_$1,2,2.0,2,0.1262078881263733,0.1262078881263733,0.124094285,0.34530094,0.5306048,2,2026
GAVpYuhMZAw$_$4,2,0.3333333432674408,1,0.0,-0.0335513912141323,0.09767051,0.46323383,0.43909565,1,2026
GAVpYuhMZAw$_$6,0,-0.3333333432674408,0,-0.0890002474188804,-0.0890002474188804,0.4881402,0.3406112,0.1712486,0,2026
GK-Pprzh0t0$_$1,0,-1.6666666269302368,0,-0.763190746307373,-0.763190746307373,0.80087465,0.086247765,0.11287752,0,2026
GKsjv42t284$_$1,2,1.3333333730697632,2,1.0474064350128174,1.0474064350128174,0.009534889,0.023117475,0.9673477,2,2026
GMa0cIAltnw$_$3,2,0.3333333432674408,2,0.4553335309028625,0.4553335309028625,0.18209489,0.1224984,0.69540673,2,2026
GNP0PFas12Y$_$4,2,0.3333333432674408,2,0.3314316868782043,0.3314316868782043,0.354648,0.10063929,0.5447127,2,2026
HFPGeaEPy9o$_$0,0,-0.3333333432674408,0,-1.7522181272506714,-1.7522181272506714,0.92722905,0.03522367,0.037547242,0,2026
HJTxq72GuMs$_$14,2,0.6666666865348816,2,0.5137575268745422,0.5137575268745422,0.071268655,0.1318307,0.7969006,2,2026
HMRqR-P68Ws$_$0,2,1.0,1,0.0,0.0302567742764949,0.107331105,0.6927832,0.19988571,1,2026
HR18U0yAlTc$_$10,1,0.0,2,1.6435164213180542,1.6435164213180542,0.048856106,0.022801932,0.9283419,2,2026
HR18U0yAlTc$_$4,0,-0.3333333432674408,2,0.4307786226272583,0.4307786226272583,0.030914249,0.12621951,0.84286624,2,2026
HR18U0yAlTc$_$9,0,-0.3333333432674408,2,1.048756718635559,1.048756718635559,0.0658932,0.067197874,0.86690897,2,2026
HbaycY0VuZk$_$0,2,1.3333333730697632,2,0.6871100664138794,0.6871100664138794,0.021886729,0.21152358,0.7665897,2,2026
IHp8hd1jm6k$_$27,2,1.3333333730697632,2,0.5884056091308594,0.5884056091308594,0.019581612,0.1119551,0.8684632,2,2026
IHp8hd1jm6k$_$0,2,1.6666666269302368,2,0.4497575759887695,0.4497575759887695,0.07878843,0.15222324,0.7689883,2,2026
IHp8hd1jm6k$_$5,2,1.0,2,1.021812081336975,1.021812081336975,0.038269114,0.074354865,0.88737607,2,2026
IHp8hd1jm6k$_$7,1,0.0,0,-0.0564418695867061,-0.0564418695867061,0.498685,0.15707666,0.34423834,0,2026
IHp8hd1jm6k$_$15,2,1.3333333730697632,2,0.7605360746383667,0.7605360746383667,0.0067759296,0.055936854,0.9372872,2,2026
IIPYcCii7Sg$_$3,0,-0.3333333432674408,1,0.0,0.0812830403447151,0.07305121,0.5060636,0.4208852,1,2026
IRSxo_XXArg$_$12,1,0.0,2,1.8313989639282229,1.8313989639282229,0.03345363,0.030701546,0.93584484,2,2026
IRSxo_XXArg$_$7,1,0.0,2,1.756148338317871,1.756148338317871,0.040020786,0.02740116,0.9325781,2,2026
Iemw8vqt-54$_$13,2,0.3333333432674408,2,0.2637048363685608,0.2637048363685608,0.3587883,0.14788766,0.493324,2,2026
Iemw8vqt-54$_$0,2,0.6666666865348816,2,1.1834646463394165,1.1834646463394165,0.010331565,0.063114844,0.9265536,2,2026
Iemw8vqt-54$_$9,2,1.0,2,0.5565395951271057,0.5565395951271057,0.080523,0.13191678,0.78756016,2,2026
JKueLneBoik$_$0,2,1.0,2,1.3598573207855225,1.3598573207855225,0.027900474,0.064075015,0.9080245,2,2026
JKueLneBoik$_$4,1,0.0,2,0.1344152987003326,0.1344152987003326,0.0153292045,0.28900418,0.6956666,2,2026
JNhqI4JtPXA$_$3,2,2.0,2,2.154254913330078,2.154254913330078,0.026491825,0.021669442,0.95183873,2,2026
JXYot3NDQn0$_$2,2,0.6666666865348816,2,1.6869356632232666,1.6869356632232666,0.014134108,0.033626065,0.9522398,2,2026
KB5hSnV1emg$_$3,1,0.0,0,-0.0884113907814025,-0.0884113907814025,0.59469205,0.1655725,0.23973538,0,2026
Kn5eKHlPD0k$_$12,2,1.0,2,0.4531259536743164,0.4531259536743164,0.07083305,0.27959737,0.6495696,2,2026
Kn99u05vlpA$_$5,2,1.6666666269302368,0,-1e-06,0.1426188647747039,0.38405347,0.25355804,0.3623885,0,2026
L-7oRnbi9-w$_$3,2,0.3333333432674408,2,0.315091609954834,0.315091609954834,0.10305086,0.15763249,0.73931664,2,2026
L-a4Sh6iAcw$_$7,2,0.6666666865348816,2,0.5722441673278809,0.5722441673278809,0.029968815,0.09344653,0.8765846,2,2026
L-a4Sh6iAcw$_$9,2,0.6666666865348816,2,1.01862633228302,1.01862633228302,0.046563327,0.051594827,0.9018418,2,2026
LD3HYOwk1Bc$_$0,1,0.0,2,0.6529936194419861,0.6529936194419861,0.055931386,0.12645961,0.817609,2,2026
LJGL2sGvSS0$_$2,2,1.3333333730697632,1,0.0,-0.0462624579668045,0.030260703,0.5741829,0.39555642,1,2026
LJGL2sGvSS0$_$10,2,1.3333333730697632,2,0.7365002036094666,0.7365002036094666,0.005056984,0.05167389,0.9432692,2,2026
LJGL2sGvSS0$_$14,2,1.6666666269302368,2,1.391770601272583,1.391770601272583,0.010334352,0.07334932,0.9163163,2,2026
LJGL2sGvSS0$_$19,2,1.0,0,-0.3939976394176483,-0.3939976394176483,0.49124283,0.12087798,0.38787916,0,2026
LcfubBagG6Q$_$1,2,1.3333333730697632,2,0.8121652007102966,0.8121652007102966,0.11559859,0.102953866,0.7814475,2,2026
LcfubBagG6Q$_$3,2,0.3333333432674408,2,0.06043092161417,0.06043092161417,0.21199945,0.3604262,0.42757437,2,2026
LyOq9mOEPuk$_$8,0,-0.6666666865348816,0,-1.1830459833145142,-1.1830459833145142,0.8737209,0.045144346,0.081134744,0,2026
MHVrwCEWLPI$_$4,2,1.0,2,1.3387216329574585,1.3387216329574585,0.008946571,0.061888438,0.92916495,2,2026
MHVrwCEWLPI$_$6,2,0.3333333432674408,2,0.2279731333255767,0.2279731333255767,0.044660114,0.090357944,0.86498195,2,2026
MHyW857u_X8$_$18,0,-0.3333333432674408,2,0.2422633320093155,0.2422633320093155,0.30691868,0.09592707,0.5971542,2,2026
MZUr1DfYNNw$_$1,2,1.3333333730697632,2,0.1587345004081726,0.1587345004081726,0.07201917,0.3119683,0.6160125,2,2026
NIpuKcoJhGM$_$0,2,2.0,0,-1e-06,0.4294022619724273,0.44756013,0.120456055,0.43198383,0,2026
NVLPURuAVLU$_$2,0,-0.6666666865348816,0,-0.0693360418081283,-0.0693360418081283,0.432881,0.21934095,0.34777802,0,2026
NaWmaHwjElo$_$5,1,0.0,0,-0.2891438603401184,-0.2891438603401184,0.46952266,0.2772863,0.25319108,0,2026
NiAjz4ciA60$_$1,2,1.0,2,1.1916959285736084,1.1916959285736084,0.009457827,0.040566787,0.9499753,2,2026
NocexkPXja8$_$13,0,-1.0,0,-1.0022515058517456,-1.0022515058517456,0.8250952,0.115871325,0.0590335,0,2026
NocexkPXja8$_$4,0,-2.3333332538604736,0,-1.7686150074005127,-1.7686150074005127,0.93828475,0.028893542,0.03282169,0,2026
O-b3DQg0QmA$_$1,1,0.0,2,0.2536162734031677,0.2536162734031677,0.0270652,0.3089866,0.66394824,2,2026
OFia3dWgaoI$_$0,0,-1.3333333730697632,0,-0.2996617555618286,-0.2996617555618286,0.5708457,0.18958797,0.2395663,0,2026
OFia3dWgaoI$_$6,0,-0.6666666865348816,0,-0.4869440793991089,-0.4869440793991089,0.7610261,0.06311988,0.17585406,0,2026
OKJPFisBoPY$_$0,2,0.3333333432674408,2,0.9189883470535278,0.9189883470535278,0.015055461,0.10301891,0.8819256,2,2026
OORklkFql3k$_$10,0,-0.3333333432674408,0,-0.8543806672096252,-0.8543806672096252,0.86381656,0.07715504,0.059028417,0,2026
OORklkFql3k$_$4,0,-2.0,2,0.1725024580955505,0.1725024580955505,0.27779692,0.14690831,0.57529473,2,2026
OWWHjP3pX9o$_$0,0,-0.3333333432674408,2,0.0883421450853347,0.0883421450853347,0.32615978,0.19571097,0.47812924,2,2026
OWWHjP3pX9o$_$4,2,0.6666666865348816,2,1e-06,-0.0530234836041927,0.37915245,0.17336614,0.44748145,2,2026
OXsTIPdytiw$_$0,2,0.6666666865348816,2,0.2532210350036621,0.2532210350036621,0.033259246,0.4349027,0.5318381,2,2026
OXsTIPdytiw$_$7,2,0.6666666865348816,2,0.9584369659423828,0.9584369659423828,0.011962152,0.053904142,0.93413377,2,2026
Oa2xVjzAMFc$_$9,0,-0.3333333432674408,2,0.2518924176692962,0.2518924176692962,0.16310248,0.37436944,0.46252802,2,2026
OctOcfI4KSs$_$3,2,0.3333333432674408,0,-0.3044882416725158,-0.3044882416725158,0.52220464,0.30391875,0.1738766,0,2026
OctOcfI4KSs$_$7,2,0.3333333432674408,1,0.0,-0.0118080172687768,0.16698177,0.4805591,0.35245913,1,2026
P0UHzR4CmYg$_$1,2,1.0,2,0.4464698731899261,0.4464698731899261,0.042846765,0.4286223,0.5285309,2,2026
P0UHzR4CmYg$_$3,2,0.6666666865348816,2,1.195014476776123,1.195014476776123,0.011383969,0.09556787,0.89304817,2,2026
P0UHzR4CmYg$_$4,2,1.0,2,1.2123818397521973,1.2123818397521973,0.0041403696,0.061565835,0.93429375,2,2026
P0UHzR4CmYg$_$8,2,0.6666666865348816,2,1e-06,-0.0047916839830577,0.35321552,0.19004956,0.45673501,2,2026
P0UHzR4CmYg$_$11,0,-1.0,0,-0.4391778409481048,-0.4391778409481048,0.5548272,0.21305352,0.23211925,0,2026
PcqKFt1p3UQ$_$10,2,0.3333333432674408,2,1e-06,-0.0206187665462493,0.34027195,0.25501856,0.40470946,2,2026
PzI6yY9Y2xQ$_$0,2,1.6666666269302368,2,1.0696637630462646,1.0696637630462646,0.02840278,0.022568887,0.94902825,2,2026
PzI6yY9Y2xQ$_$2,2,1.3333333730697632,2,0.7761826515197754,0.7761826515197754,0.031144397,0.06060931,0.9082463,2,2026
QBc7X5jj8oA$_$4,2,1.3333333730697632,0,-1e-06,0.2034361213445663,0.41851658,0.16440436,0.41707912,0,2026
QCR7uyowjhM$_$10,2,0.3333333432674408,2,0.5416751503944397,0.5416751503944397,0.070476264,0.20516853,0.72435516,2,2026
QCR7uyowjhM$_$8,1,0.0,0,-1.1962682008743286,-1.1962682008743286,0.77438116,0.16721651,0.058402315,0,2026
QIonRUsCqBs$_$1,2,1.3333333730697632,2,1.220320224761963,1.220320224761963,0.010237479,0.054131974,0.9356306,2,2026
Qfa1fY_07bQ$_$5,2,1.3333333730697632,2,0.2387928068637848,0.2387928068637848,0.078414544,0.25504938,0.66653603,2,2026
R9xTBw3MCWI$_$5,2,0.3333333432674408,2,1.5187325477600098,1.5187325477600098,0.008836574,0.014948091,0.97621524,2,2026
ROC2YI3tDsk$_$13,2,0.3333333432674408,2,0.9441355466842652,0.9441355466842652,0.011905819,0.11059863,0.8774955,2,2026
ROC2YI3tDsk$_$3,2,1.0,2,0.6074745655059814,0.6074745655059814,0.081566125,0.12509523,0.79333866,2,2026
RVC8l5hf2Eg$_$13,0,-0.6666666865348816,2,0.1713399291038513,0.1713399291038513,0.24903032,0.28359115,0.46737853,2,2026
RVC8l5hf2Eg$_$8,0,-0.3333333432674408,0,-0.1724443733692169,-0.1724443733692169,0.51439023,0.32513443,0.16047537,0,2026
Rb1uzHNcYcA$_$4,2,1.6666666269302368,2,1.5439441204071045,1.5439441204071045,0.011477987,0.027868608,0.9606534,2,2026
RvmTZVNAAuQ$_$2,1,0.0,2,0.4621326923370361,0.4621326923370361,0.062173836,0.14059052,0.79723567,2,2026
SKTyBOhDX6U$_$11,2,1.6666666269302368,2,0.9103028774261476,0.9103028774261476,0.028100522,0.09415201,0.8777475,2,2026
SKTyBOhDX6U$_$12,2,0.6666666865348816,0,-0.0418402962386608,-0.0418402962386608,0.4396855,0.26985893,0.2904556,0,2026
SKTyBOhDX6U$_$9,2,1.0,2,1.0660197734832764,1.0660197734832764,0.0096820835,0.03353313,0.9567847,2,2026
SYQ_zv8dWng$_$0,2,0.3333333432674408,2,0.3465991616249084,0.3465991616249084,0.027603732,0.46310923,0.509287,2,2026
SYQ_zv8dWng$_$5,2,0.6666666865348816,2,0.3009282648563385,0.3009282648563385,0.37121737,0.0877955,0.54098713,2,2026
SYQ_zv8dWng$_$6,2,0.6666666865348816,2,0.0775542110204696,0.0775542110204696,0.046432786,0.45162824,0.50193894,2,2026
SYQ_zv8dWng$_$9,1,0.0,2,0.3324842751026153,0.3324842751026153,0.1391094,0.31036195,0.5505286,2,2026
SZ7HK5ns6mE$_$11,2,1.6666666269302368,2,0.1909955441951751,0.1909955441951751,0.23088294,0.18469247,0.58442456,2,2026
Sq6DIhFxPqQ$_$4,1,0.0,0,-0.2835604250431061,-0.2835604250431061,0.58124876,0.18901324,0.22973801,0,2026
SwT0gh0V8fI$_$10,1,0.0,0,-0.1672704815864563,-0.1672704815864563,0.47686908,0.078289926,0.444841,0,2026
SwT0gh0V8fI$_$19,2,0.6666666865348816,2,1.5037777423858645,1.5037777423858645,0.20494516,0.049368102,0.7456867,2,2026
SwT0gh0V8fI$_$5,1,0.0,0,-0.9937925338745116,-0.9937925338745116,0.69848114,0.26465702,0.036861748,0,2026
TXiOSZdaLJ8$_$2,2,0.6666666865348816,2,0.8013217449188232,0.8013217449188232,0.09128517,0.06368502,0.8450298,2,2026
TcTGCIh6e5s$_$4,1,0.0,1,0.0,0.2167310416698455,0.08500658,0.6471785,0.26781502,1,2026
TxRtSItpGMo$_$4,2,2.0,2,0.7620790004730225,0.7620790004730225,0.0086094355,0.07880887,0.9125817,2,2026
U-KihZeIfKI$_$20,2,1.3333333730697632,2,0.9796143770217896,0.9796143770217896,0.026093798,0.06987315,0.904033,2,2026
U-KihZeIfKI$_$1,2,0.6666666865348816,2,0.5381515026092529,0.5381515026092529,0.29243946,0.10966822,0.59789234,2,2026
U-KihZeIfKI$_$6,0,-1.0,0,-1.6524579524993896,-1.6524579524993896,0.8843629,0.08224874,0.033388402,0,2026
U-KihZeIfKI$_$15,2,0.6666666865348816,0,-0.2007646262645721,-0.2007646262645721,0.4490355,0.31260023,0.23836425,0,2026
U-KihZeIfKI$_$16,2,1.0,2,1.0209912061691284,1.0209912061691284,0.019832352,0.106844276,0.87332344,2,2026
UiurP5k-f1A$_$4,2,1.0,2,0.899948239326477,0.899948239326477,0.018168274,0.075224295,0.9066075,2,2026
UjqA6KVW2m8$_$0,0,-0.3333333432674408,0,-0.7980793714523315,-0.7980793714523315,0.88878673,0.071586415,0.039626878,0,2026
UjqA6KVW2m8$_$3,0,-0.6666666865348816,2,0.150561898946762,0.150561898946762,0.17705145,0.2700442,0.55290437,2,2026
UjqA6KVW2m8$_$2,0,-1.3333333730697632,0,-1.1014751195907593,-1.1014751195907593,0.7616296,0.15539008,0.08298035,0,2026
UjqA6KVW2m8$_$4,2,1.0,2,1.2521815299987793,1.2521815299987793,0.020141058,0.041348618,0.9385103,2,2026
UweZVaFqruU$_$1,2,0.3333333432674408,2,0.2415832579135894,0.2415832579135894,0.041295554,0.37192726,0.5867772,2,2026
UweZVaFqruU$_$5,1,0.0,1,0.0,0.0569466724991798,0.18676482,0.48687676,0.32635838,1,2026
V27mmEkN80g$_$0,1,0.0,2,0.6559398174285889,0.6559398174285889,0.050770644,0.14145416,0.8077751,2,2026
VDkBM0ZG4q8$_$4,1,0.0,1,0.0,-0.1087523847818374,0.2385987,0.5776065,0.1837948,1,2026
VDkBM0ZG4q8$_$7,2,0.3333333432674408,2,0.8734837770462036,0.8734837770462036,0.0113661485,0.0718318,0.916802,2,2026
VLQgw-88v4Q$_$2,2,1.0,2,0.4337942600250244,0.4337942600250244,0.009922404,0.20708883,0.78298885,2,2026
VLQgw-88v4Q$_$6,2,1.6666666269302368,2,0.4642066955566406,0.4642066955566406,0.0077611324,0.17556717,0.81667167,2,2026
VLQgw-88v4Q$_$8,2,1.3333333730697632,2,0.6077562570571899,0.6077562570571899,0.045814283,0.11362727,0.8405584,2,2026
VXy21GwGs8o$_$0,1,0.0,2,0.5514847636222839,0.5514847636222839,0.06659528,0.12615265,0.80725205,2,2026
Vdf1McvE9ao$_$9,1,0.0,0,-0.5343865752220154,-0.5343865752220154,0.5557368,0.4085131,0.03575005,0,2026
Vlas-mPydcg$_$17,2,0.6666666865348816,2,1e-06,-0.4132492840290069,0.4106545,0.13400856,0.4553369,2,2026
Vlas-mPydcg$_$3,2,1.0,2,0.5544918775558472,0.5544918775558472,0.007806088,0.12822352,0.8639704,2,2026
VsXGwSZazwA$_$4,1,0.0,1,0.0,0.1371791958808899,0.11280567,0.53668994,0.3505044,1,2026
VsXGwSZazwA$_$6,2,1.6666666269302368,2,0.2428113967180252,0.2428113967180252,0.021975135,0.33664528,0.64137965,2,2026
VwGPIUNayKM$_$1,1,0.0,1,0.0,0.2495997548103332,0.03470979,0.486718,0.4785723,1,2026
VwGPIUNayKM$_$5,0,-1.0,0,-0.0191160794347524,-0.0191160794347524,0.51934093,0.1275899,0.35306922,0,2026
VwGPIUNayKM$_$8,2,1.0,2,1.0550451278686523,1.0550451278686523,0.083564006,0.09954626,0.8168898,2,2026
W1CWpktWtTs$_$5,2,1.0,2,1.2400654554367063,1.2400654554367063,0.027476493,0.05752785,0.9149957,2,2026
W1CWpktWtTs$_$9,2,0.6666666865348816,2,0.2669526040554046,0.2669526040554046,0.43053553,0.070877865,0.4985866,2,2026
WfNiQBXmPw8$_$3,0,-0.3333333432674408,0,-0.6972240805625916,-0.6972240805625916,0.71905,0.15872882,0.12222123,0,2026
WfNiQBXmPw8$_$5,2,0.3333333432674408,0,-0.2868261933326721,-0.2868261933326721,0.61650676,0.12509204,0.25840116,0,2026
WgI8IbJtXHw$_$0,1,0.0,2,1.6511653661727903,1.6511653661727903,0.07146711,0.02663474,0.90189815,2,2026
X2Hs89fZ2-c$_$4,2,1.0,1,0.0,0.0681312307715416,0.033007532,0.5238372,0.44315526,1,2026
X6N7UEFJLNY$_$0,2,0.3333333432674408,2,0.4372573494911194,0.4372573494911194,0.038552128,0.19735403,0.7640938,2,2026
X6N7UEFJLNY$_$2,1,0.0,2,0.5081606507301331,0.5081606507301331,0.030096583,0.19366504,0.7762384,2,2026
X6N7UEFJLNY$_$4,2,0.6666666865348816,2,1.1985650062561035,1.1985650062561035,0.0057535484,0.040238686,0.9540078,2,2026
XDVit9ASVUg$_$2,2,0.3333333432674408,1,0.0,-0.1787844896316528,0.14931032,0.53633875,0.31435093,1,2026
XKyumlBmix8$_$0,1,0.0,2,0.5072416663169861,0.5072416663169861,0.077183,0.19133642,0.7314805,2,2026
XKyumlBmix8$_$2,0,-0.6666666865348816,0,-0.4372603297233581,-0.4372603297233581,0.72754663,0.15483849,0.1176149,0,2026
XVWiAArXYpE$_$3,0,-0.6666666865348816,2,0.2003288269042968,0.2003288269042968,0.21960716,0.21347235,0.5669205,2,2026
XVWiAArXYpE$_$4,0,-2.0,0,-1.1435065269470217,-1.1435065269470217,0.7241576,0.16476837,0.11107405,0,2026
XVWiAArXYpE$_$9,0,-0.3333333432674408,2,0.0020528617314994,0.0020528617314994,0.2711567,0.30466452,0.42417875,2,2026
X_TusmBIlC0$_$5,1,0.0,2,0.1394977569580078,0.1394977569580078,0.16479385,0.29287001,0.5423361,2,2026
Xa086gxLJ3Y$_$12,2,0.3333333432674408,1,0.0,0.2447222173213958,0.011125463,0.4976315,0.49124306,1,2026
XrNaL-MTjXg$_$3,1,0.0,2,1e-06,-0.4050915241241455,0.29470184,0.21401791,0.4912803,2,2026
Xy57UpKRNEo$_$7,0,-1.0,0,-0.9781787395477296,-0.9781787395477296,0.6349174,0.13040315,0.23467948,0,2026
Y8dI1GTWCk4$_$6,2,1.3333333730697632,2,0.7984315752983093,0.7984315752983093,0.0090914285,0.11171639,0.8791922,2,2026
YLK58srjhNI$_$3,2,0.6666666865348816,2,1.1265885829925537,1.1265885829925537,0.25605685,0.040287368,0.70365584,2,2026
YQZPnHZRp1w$_$1,2,0.3333333432674408,2,0.1116952747106552,0.1116952747106552,0.016957821,0.3041545,0.6788877,2,2026
YUNxD04EvfE$_$1,0,-0.3333333432674408,2,1e-06,-0.0536793693900108,0.23576473,0.33917436,0.42506093,2,2026
Z4iYSMMMycQ$_$4,2,0.6666666865348816,2,0.462408185005188,0.462408185005188,0.026810246,0.2424816,0.73070824,2,2026
ZKErPftd--w$_$6,2,0.6666666865348816,2,1.580657720565796,1.580657720565796,0.06038883,0.08587001,0.85374117,2,2026
ZKZ8UjaQQT4$_$7,1,0.0,2,0.2285960465669632,0.2285960465669632,0.21709493,0.12695538,0.6559497,2,2026
ZS1Nb0OWYNE$_$11,2,0.6666666865348816,2,1.5471593141555786,1.5471593141555786,0.014189907,0.04193847,0.9438716,2,2026
ZS1Nb0OWYNE$_$15,1,0.0,2,1.7996313571929932,1.7996313571929932,0.003815213,0.011195183,0.98498964,2,2026
ZS1Nb0OWYNE$_$5,2,0.6666666865348816,2,0.3435788750648498,0.3435788750648498,0.06883227,0.15364979,0.777518,2,2026
ZS1Nb0OWYNE$_$9,2,2.6666667461395264,2,1.229703664779663,1.229703664779663,0.030374046,0.039969474,0.92965657,2,2026
ZcFzcd4ZoMg$_$4,0,-0.3333333432674408,0,-0.2251415848731994,-0.2251415848731994,0.4326678,0.20044792,0.36688432,0,2026
ZeH7gZw94k0$_$1,2,1.6666666269302368,2,1.4730494022369385,1.4730494022369385,0.115207784,0.18587951,0.69891274,2,2026
ZtocGyL3Tfc$_$13,2,1.0,2,0.7406558394432068,0.7406558394432068,0.118356824,0.061593506,0.8200497,2,2026
ZtocGyL3Tfc$_$10,2,1.0,2,0.6155597567558289,0.6155597567558289,0.077859245,0.13407815,0.7880626,2,2026
ZtocGyL3Tfc$_$9,2,1.6666666269302368,2,1.4410215616226196,1.4410215616226196,0.017275242,0.035951197,0.9467736,2,2026
ZznoGQVwTtw$_$4,2,1.6666666269302368,2,0.4228229820728302,0.4228229820728302,0.03685725,0.08934783,0.873795,2,2026
_1nvuNk7EFY$_$10,0,-0.3333333432674408,0,-1.1757686138153076,-1.1757686138153076,0.8699886,0.08444872,0.04556261,0,2026
_OmWVs0-6UM$_$0,1,0.0,2,0.3845487236976623,0.3845487236976623,0.029411515,0.34882933,0.6217592,2,2026
_on_E-ZWy0I$_$21,2,1.3333333730697632,2,0.7451505661010742,0.7451505661010742,0.17407624,0.067131914,0.75879186,2,2026
_on_E-ZWy0I$_$3,1,0.0,0,-0.4312814176082611,-0.4312814176082611,0.5836962,0.31055868,0.10574517,0,2026
_on_E-ZWy0I$_$12,0,-1.0,2,0.1156373471021652,0.1156373471021652,0.15508573,0.24722394,0.5976903,2,2026
_q7DM8WkzAQ$_$3,2,0.6666666865348816,2,0.5844312906265259,0.5844312906265259,0.022797171,0.13305195,0.8441509,2,2026
a4PHWxILDp0$_$15,1,0.0,0,-0.1865751445293426,-0.1865751445293426,0.5026782,0.3358001,0.1615217,0,2026
ahG9c_uaf8s$_$1,2,0.3333333432674408,2,0.7574069499969482,0.7574069499969482,0.0077992114,0.07077051,0.92143023,2,2026
ahG9c_uaf8s$_$3,2,0.3333333432674408,2,1.0317168235778809,1.0317168235778809,0.015018122,0.05762383,0.92735803,2,2026
b92iw0OAnI4$_$7,2,1.3333333730697632,2,0.9660940170288086,0.9660940170288086,0.17517054,0.07854063,0.74628884,2,2026
bNQOeiAotbk$_$8,1,0.0,2,1e-06,-0.0374346002936363,0.25287437,0.3608095,0.38631615,2,2026
bdFCD-3BCRg$_$2,2,1.0,2,1.4193425178527832,1.4193425178527832,0.010441582,0.03986994,0.9496884,2,2026
bdFCD-3BCRg$_$11,2,0.6666666865348816,2,0.8992919325828552,0.8992919325828552,0.016955046,0.12660375,0.8564412,2,2026
bdFCD-3BCRg$_$12,2,1.0,2,1.0626856088638306,1.0626856088638306,0.0067356643,0.12266542,0.8705989,2,2026
c5VEvmutmVg$_$13,2,1.0,2,0.5876721739768982,0.5876721739768982,0.06651504,0.18401018,0.7494747,2,2026
c5VEvmutmVg$_$19,1,0.0,2,0.4209577739238739,0.4209577739238739,0.015126094,0.3634884,0.6213855,2,2026
c5VEvmutmVg$_$0,2,1.6666666269302368,2,1.637844800949097,1.637844800949097,0.05253708,0.0760854,0.87137747,2,2026
c5zxqITn3ZM$_$5,2,0.6666666865348816,0,-1.643871545791626,-1.643871545791626,0.81976616,0.041280467,0.13895342,0,2026
c5zxqITn3ZM$_$6,2,1.0,2,0.782259464263916,0.782259464263916,0.011333215,0.10328501,0.88538176,2,2026
c9hE1ghElrM$_$2,1,0.0,1,0.0,-0.2412123531103134,0.053759314,0.7276802,0.21856047,1,2026
c9hE1ghElrM$_$4,1,0.0,0,-0.7444329857826233,-0.7444329857826233,0.58599925,0.3188789,0.09512184,0,2026
cW-aX4dPVfk$_$4,0,-0.3333333432674408,1,0.0,0.071976788341999,0.14165965,0.43869993,0.41964045,1,2026
cW-aX4dPVfk$_$11,2,0.3333333432674408,2,0.803307294845581,0.803307294845581,0.069846146,0.12663312,0.8035207,2,2026
cW-aX4dPVfk$_$32,2,1.6666666269302368,2,0.5415148735046387,0.5415148735046387,0.34653735,0.08804748,0.5654152,2,2026
cW-aX4dPVfk$_$30,2,2.3333332538604736,2,1.8951444625854488,1.8951444625854488,0.019614335,0.026363712,0.95402193,2,2026
cml9rShionM$_$3,0,-0.3333333432674408,2,1.8435341119766235,1.8435341119766235,0.0060330695,0.013632151,0.98033476,2,2026
d-Uw_uZyUys$_$1,0,-2.3333332538604736,1,0.0,0.1343081891536712,0.19308609,0.5259223,0.28099164,1,2026
d-Uw_uZyUys$_$6,0,-2.3333332538604736,0,-0.489050805568695,-0.489050805568695,0.7018644,0.14445868,0.15367694,0,2026
dHk--ExZbHs$_$7,2,0.6666666865348816,2,0.2404869943857193,0.2404869943857193,0.041156348,0.19026984,0.76857376,2,2026
dR68gbeOWOc$_$1,2,0.3333333432674408,2,0.4245902001857757,0.4245902001857757,0.034728184,0.096260145,0.8690117,2,2026
dTcz1am1eUw$_$2,2,1.3333333730697632,2,1.2413408756256104,1.2413408756256104,0.004880982,0.044075914,0.9510432,2,2026
ddWHTdJz2O8$_$1,0,-0.3333333432674408,2,0.2602806687355041,0.2602806687355041,0.052294426,0.15670168,0.7910039,2,2026
dlE05KC95uk$_$11,2,0.3333333432674408,1,0.0,0.1868537217378616,0.04804226,0.49525622,0.45670152,1,2026
eE8Qr9fOvVA$_$2,0,-1.3333333730697632,2,0.3388337194919586,0.3388337194919586,0.038076736,0.38692847,0.5749948,2,2026
eFV7iFPYZB4$_$12,2,1.6666666269302368,2,0.957667589187622,0.957667589187622,0.005450847,0.02367435,0.9708747,2,2026
eFV7iFPYZB4$_$14,2,1.3333333730697632,2,0.9910539388656616,0.9910539388656616,0.0077248896,0.08039157,0.91188353,2,2026
eJfT7-dDqzA$_$3,2,0.6666666865348816,2,1e-06,-0.0600992888212204,0.31187257,0.32372472,0.36440277,2,2026
eJfT7-dDqzA$_$2,2,0.6666666865348816,2,0.990799605846405,0.990799605846405,0.010150609,0.10668503,0.8831644,2,2026
eJfT7-dDqzA$_$7,2,0.6666666865348816,2,0.7762192487716675,0.7762192487716675,0.012191219,0.10011661,0.8876921,2,2026
eKQKEi2-0Ws$_$0,1,0.0,0,-1e-06,0.2272332608699798,0.48033276,0.091013476,0.4286538,0,2026
eQc5uI7FKCU$_$5,2,0.3333333432674408,2,0.3249749541282654,0.3249749541282654,0.047757596,0.26933154,0.6829109,2,2026
ey1lr8wFFDc$_$0,2,0.6666666865348816,2,0.9062749743461608,0.9062749743461608,0.0425783,0.08701632,0.87040544,2,2026
f-VdKweez2U$_$4,1,0.0,2,0.4606428146362304,0.4606428146362304,0.06746496,0.15527004,0.77726495,2,2026
f8Puta8k8fU$_$1,1,0.0,0,-0.5319124460220337,-0.5319124460220337,0.6521687,0.25510475,0.092726536,0,2026
fT6SrlsWV7M$_$12,0,-1.3333333730697632,2,0.4131864309310913,0.4131864309310913,0.04473452,0.22113037,0.7341351,2,2026
fWAKek8jA5M$_$0,0,-1.6666666269302368,0,-1.5986498594284058,-1.5986498594284058,0.9393295,0.051231135,0.0094393445,0,2026
fWAKek8jA5M$_$3,0,-1.3333333730697632,2,0.1478350609540939,0.1478350609540939,0.16663036,0.36916518,0.4642045,2,2026
fWAKek8jA5M$_$4,1,0.0,0,-0.6422861218452454,-0.6422861218452454,0.54642975,0.19299005,0.26058015,0,2026
frCWtiam4tE$_$0,2,1.6666666269302368,2,0.5914829969406128,0.5914829969406128,0.24131364,0.11079264,0.6478937,2,2026
fsBzpr4k3rY$_$0,2,2.0,0,-0.4970080554485321,-0.4970080554485321,0.7743269,0.030875282,0.1947978,0,2026
fz-MzQcOBwQ$_$1,2,1.3333333730697632,2,0.6439733505249023,0.6439733505249023,0.026085427,0.18151674,0.79239774,2,2026
gE7kUqMqQ9g$_$2,0,-0.6666666865348816,0,-0.7942533493041992,-0.7942533493041992,0.8877684,0.065573916,0.046657663,0,2026
gJjkCPO7iXg$_$1,2,1.0,2,0.9395440816879272,0.9395440816879272,0.024733353,0.14700529,0.8282614,2,2026
gJjkCPO7iXg$_$0,2,1.0,2,0.3617867827415466,0.3617867827415466,0.058453217,0.2682781,0.67326874,2,2026
gLTxaEcx41E$_$2,1,0.0,2,0.5537663102149963,0.5537663102149963,0.07373673,0.26470754,0.66155565,2,2026
gLTxaEcx41E$_$4,1,0.0,0,-0.8212894201278687,-0.8212894201278687,0.5210872,0.16721065,0.31170207,0,2026
gLTxaEcx41E$_$7,1,0.0,2,1e-06,-0.147458016872406,0.18984929,0.2005418,0.6096088,2,2026
gLTxaEcx41E$_$6,2,0.3333333432674408,2,0.3954750895500183,0.3954750895500183,0.06411429,0.100813694,0.835072,2,2026
gcFECfN4BCU$_$23,2,2.0,2,1.549196720123291,1.549196720123291,0.0042619915,0.022604149,0.9731339,2,2026
gcFECfN4BCU$_$10,2,0.6666666865348816,2,1.2738299369812012,1.2738299369812012,0.014869631,0.051893555,0.9332368,2,2026
gcFECfN4BCU$_$15,2,1.3333333730697632,2,0.805107831954956,0.805107831954956,0.015764194,0.06972998,0.9145059,2,2026
gpn71-aKWwQ$_$2,2,1.6666666269302368,2,0.9946073293685912,0.9946073293685912,0.11334962,0.08045704,0.80619335,2,2026
h1ZZHUU4j0k$_$3,2,0.6666666865348816,2,0.5216654539108276,0.5216654539108276,0.03819417,0.16412304,0.7976828,2,2026
h1ZZHUU4j0k$_$4,2,0.6666666865348816,0,-1.1336331367492676,-1.1336331367492676,0.8313329,0.0723957,0.09627138,0,2026
h1ZZHUU4j0k$_$10,2,1.0,2,0.3904199302196502,0.3904199302196502,0.010239104,0.201086,0.7886749,2,2026
h1ZZHUU4j0k$_$13,0,-1.0,0,-0.8805309534072876,-0.8805309534072876,0.6445746,0.17512542,0.18030003,0,2026
iQDB_OkAQWs$_$4,1,0.0,0,-0.7039244174957275,-0.7039244174957275,0.6266192,0.14097807,0.23240271,0,2026
iXiMifHNKPI$_$8,2,0.3333333432674408,2,0.1622220575809478,0.1622220575809478,0.012187368,0.26726478,0.72054785,2,2026
j1m6ctAgjsM$_$1,2,1.3333333730697632,2,1.275457501411438,1.275457501411438,0.013618981,0.020504778,0.96587634,2,2026
j1m6ctAgjsM$_$2,2,1.0,2,0.5952854156494141,0.5952854156494141,0.008644104,0.040353756,0.9510021,2,2026
j1m6ctAgjsM$_$4,2,0.3333333432674408,2,0.328694224357605,0.328694224357605,0.023834158,0.21040633,0.7657595,2,2026
j1m6ctAgjsM$_$14,1,0.0,2,0.3251013159751892,0.3251013159751892,0.011371019,0.21572477,0.77290416,2,2026
j1m6ctAgjsM$_$18,2,1.0,2,0.1661955416202545,0.1661955416202545,0.24451315,0.2733192,0.48216763,2,2026
j1m6ctAgjsM$_$30,2,0.3333333432674408,2,0.0835276767611503,0.0835276767611503,0.18684538,0.3179531,0.49520153,2,2026
j1m6ctAgjsM$_$35,2,1.0,2,0.3966130018234253,0.3966130018234253,0.010153728,0.18283607,0.80701023,2,2026
j1m6ctAgjsM$_$33,2,0.3333333432674408,2,0.1153051108121872,0.1153051108121872,0.03887917,0.34510556,0.6160153,2,2026
j1m6ctAgjsM$_$37,1,0.0,2,0.062714971601963,0.062714971601963,0.028906321,0.29349118,0.6776024,2,2026
jXQmVFcOiUI$_$0,2,1.0,2,1.0505818128585815,1.0505818128585815,0.019757807,0.046678793,0.9335634,2,2026
jj8aSNPHMw8$_$14,1,0.0,0,-0.4047510623931885,-0.4047510623931885,0.40523267,0.2731814,0.32158595,0,2026
jj8aSNPHMw8$_$5,0,-1.3333333730697632,0,-0.2048646509647369,-0.2048646509647369,0.46482512,0.17351192,0.36166295,0,2026
jqutn5ou8_0$_$6,2,0.6666666865348816,2,0.5383281111717224,0.5383281111717224,0.0068392884,0.17907901,0.8140817,2,2026
jscKL5jS-SQ$_$17,2,1.0,2,0.9470489025115968,0.9470489025115968,0.2566159,0.08441196,0.6589721,2,2026
kaudsLIvYC8$_$0,2,1.6666666269302368,2,0.934365212917328,0.934365212917328,0.04238806,0.061678667,0.8959333,2,2026
kg-W6-hP2Do$_$3,1,0.0,2,1.0073755979537964,1.0073755979537964,0.24769244,0.12827913,0.6240284,2,2026
kpS4BXif_Sw$_$12,0,-2.0,0,-1.2233779430389404,-1.2233779430389404,0.9166042,0.051126868,0.032268994,0,2026
kpS4BXif_Sw$_$15,2,1.3333333730697632,2,0.1537209004163742,0.1537209004163742,0.42569888,0.12239938,0.4519017,2,2026
kpS4BXif_Sw$_$4,1,0.0,2,0.7654286623001099,0.7654286623001099,0.028608982,0.07340924,0.8979819,2,2026
kpS4BXif_Sw$_$8,0,-1.0,0,-0.9824867248535156,-0.9824867248535156,0.8728855,0.067518845,0.059595626,0,2026
ktblaVOnFVE$_$4,2,1.3333333730697632,2,0.3364368081092834,0.3364368081092834,0.13305813,0.30698392,0.559958,2,2026
l0vCKpk6Aes$_$24,1,0.0,2,0.9064821004867554,0.9064821004867554,0.0719546,0.08100484,0.8470406,2,2026
l0vCKpk6Aes$_$12,2,1.0,2,0.785131573677063,0.785131573677063,0.038669582,0.10121636,0.86011404,2,2026
l0vCKpk6Aes$_$19,1,0.0,2,1e-06,-0.0312434434890747,0.42519388,0.11478945,0.46001667,2,2026
l4oMbKDuW3Y$_$3,0,-0.6666666865348816,0,-1.9968721866607664,-1.9968721866607664,0.94686216,0.020505471,0.032632366,0,2026
lD4xtQ6NpDY$_$2,1,0.0,2,1e-06,-0.0232224930077791,0.18271926,0.22319177,0.594089,2,2026
lYwgLa4R5XQ$_$1,1,0.0,2,1e-06,-0.0008086077868938,0.28227547,0.25830257,0.45942202,2,2026
lkIe41StoGI$_$10,1,0.0,1,0.0,-0.1677169352769851,0.24645947,0.58033586,0.17320466,1,2026
lkIe41StoGI$_$3,2,0.6666666865348816,2,0.4697597622871399,0.4697597622871399,0.03621969,0.11094741,0.8528329,2,2026
lkIe41StoGI$_$2,2,0.6666666865348816,0,-0.0256294608116149,-0.0256294608116149,0.4137958,0.20577246,0.38043183,0,2026
lkIe41StoGI$_$8,1,0.0,1,0.0,0.0364254117012023,0.081635244,0.5902801,0.32808462,1,2026
lwL4hjhkid4$_$1,1,0.0,1,0.0,0.0110789705067873,0.0893766,0.5475021,0.36312127,1,2026
lwL4hjhkid4$_$3,2,2.0,2,0.3898046016693115,0.3898046016693115,0.026224788,0.17449038,0.7992849,2,2026
lwL4hjhkid4$_$6,2,0.3333333432674408,2,0.6864317655563354,0.6864317655563354,0.0400371,0.096562006,0.8634009,2,2026
m-7yRWZLwLY$_$0,1,0.0,2,0.00818975828588,0.00818975828588,0.28622657,0.22862694,0.4851465,2,2026
mVnqP-vLpuo$_$0,2,0.6666666865348816,2,1.0859944820404053,1.0859944820404053,0.007612418,0.054962616,0.937425,2,2026
mZ_8em_-CGc$_$7,2,0.6666666865348816,2,0.3336418271064758,0.3336418271064758,0.030436331,0.23146246,0.7381011,2,2026
mgsvwAVQAQo$_$4,2,0.3333333432674408,2,0.2340304553508758,0.2340304553508758,0.26112157,0.25429296,0.48458543,2,2026
mmg_eTDHjkk$_$5,2,0.3333333432674408,2,1e-06,-0.0667748674750328,0.029866124,0.3575072,0.61262673,2,2026
mmg_eTDHjkk$_$8,2,0.6666666865348816,2,0.0090273497626185,0.0090273497626185,0.04470097,0.41830748,0.53699154,2,2026
mmg_eTDHjkk$_$15,2,1.0,2,0.0803485959768295,0.0803485959768295,0.1979396,0.17646164,0.6255987,2,2026
mzAu5gxjE-w$_$2,2,1.6666666269302368,2,1.9950388669967647,1.9950388669967647,0.018916162,0.01396194,0.96712184,2,2026
nFTo-Lz4Fr8$_$1,2,0.6666666865348816,2,1.4643908739089966,1.4643908739089966,0.0073394035,0.054606814,0.9380538,2,2026
nZFPKP9kBkw$_$4,1,0.0,2,1.581941843032837,1.581941843032837,0.00814189,0.017129466,0.9747286,2,2026
namehdJxRIM$_$1,2,0.3333333432674408,2,0.5316677093505859,0.5316677093505859,0.016057886,0.41660374,0.56733835,2,2026
o2XbNJDpOlc$_$6,2,1.6666666269302368,2,0.3311497271060943,0.3311497271060943,0.21091641,0.19639698,0.5926866,2,2026
oBS-IW-BO00$_$3,1,0.0,2,0.0482672303915023,0.0482672303915023,0.08417039,0.33243266,0.5833969,2,2026
oHff2W51wZ8$_$1,2,1.3333333730697632,2,1.010169267654419,1.010169267654419,0.00503773,0.034050845,0.96091133,2,2026
oHff2W51wZ8$_$2,2,2.0,2,1.211602807044983,1.211602807044983,0.00875694,0.020495014,0.97074807,2,2026
oHff2W51wZ8$_$5,2,2.6666667461395264,2,0.7919055223464966,0.7919055223464966,0.005545597,0.08936031,0.905094,2,2026
oPlnhc0DkcU$_$1,0,-0.3333333432674408,0,-0.5776270031929016,-0.5776270031929016,0.59341544,0.098268226,0.30831632,0,2026
oZxMx8e0x2U$_$2,2,0.3333333432674408,0,-0.9703118205070496,-0.9703118205070496,0.73879045,0.20465802,0.056551468,0,2026
obGF3RfWQKE$_$24,1,0.0,0,-0.6080814003944397,-0.6080814003944397,0.59773606,0.10905722,0.29320675,0,2026
obGF3RfWQKE$_$3,2,1.3333333730697632,2,1.59077787399292,1.59077787399292,0.02909323,0.041611478,0.92929524,2,2026
ossKC1VrusE$_$3,2,0.6666666865348816,2,0.2566218376159668,0.2566218376159668,0.012970341,0.2344823,0.7525474,2,2026
ossKC1VrusE$_$2,2,1.6666666269302368,2,0.6786571741104126,0.6786571741104126,0.012087049,0.09821192,0.889701,2,2026
ozA7pRW4gFM$_$7,1,0.0,0,-0.1581081598997116,-0.1581081598997116,0.39203253,0.28681,0.3211575,0,2026
p4WmcxrXkc4$_$0,2,0.3333333432674408,2,0.5765571594238281,0.5765571594238281,0.010621348,0.08577979,0.90359885,2,2026
p7zuPEZgtY4$_$0,2,0.3333333432674408,1,0.0,-0.0780348405241966,0.18148689,0.42343545,0.39507768,1,2026
pIaEcqnzI-s$_$3,2,0.3333333432674408,2,0.3698121607303619,0.3698121607303619,0.04222797,0.21883664,0.7389354,2,2026
pIaEcqnzI-s$_$5,0,-0.3333333432674408,1,0.0,0.1915870606899261,0.08592717,0.49314377,0.42092904,1,2026
pIaEcqnzI-s$_$7,0,-0.3333333432674408,1,0.0,0.0530342385172843,0.12016159,0.5951105,0.28472796,1,2026
pIaEcqnzI-s$_$6,1,0.0,2,0.1710533499717712,0.1710533499717712,0.04783898,0.46422157,0.48793945,2,2026
pQpy7RSfWzM$_$19,2,0.3333333432674408,2,1.0640392303466797,1.0640392303466797,0.013660789,0.078984946,0.90735424,2,2026
pQpy7RSfWzM$_$8,1,0.0,2,1e-06,-0.0670826584100723,0.2315271,0.21132554,0.5571474,2,2026
pSxte-ms0t8$_$33,0,-0.3333333432674408,0,-1e-06,0.0297430008649826,0.5180501,0.0772412,0.40470874,0,2026
pSxte-ms0t8$_$2,2,0.6666666865348816,2,0.1402687579393386,0.1402687579393386,0.42194557,0.14587036,0.43218407,2,2026
pSxte-ms0t8$_$7,0,-2.0,0,-1.6387131214141846,-1.6387131214141846,0.95500636,0.017205516,0.027788147,0,2026
pSxte-ms0t8$_$6,2,1.0,2,0.6686620116233826,0.6686620116233826,0.094185516,0.28630063,0.61951387,2,2026
pZye4zFzk3o$_$2,0,-0.6666666865348816,2,0.5029133558273315,0.5029133558273315,0.07399982,0.15559465,0.7704055,2,2026
pZye4zFzk3o$_$5,0,-0.6666666865348816,0,-0.6885469555854797,-0.6885469555854797,0.79212403,0.08732962,0.12054636,0,2026
pnpFPX34Agk$_$2,2,0.3333333432674408,2,0.050125241279602,0.050125241279602,0.1328943,0.3955343,0.47157133,2,2026
q5M1God4M6Y$_$9,2,0.6666666865348816,1,0.0,0.1011931076645851,0.03008447,0.571391,0.39852458,1,2026
qDfSYz0PX9g$_$0,0,-2.0,0,-1.414887547492981,-1.414887547492981,0.73943204,0.026720325,0.23384763,0,2026
qDfSYz0PX9g$_$8,0,-0.6666666865348816,0,-0.2362622022628784,-0.2362622022628784,0.515577,0.15960401,0.32481894,0,2026
qEuJj4uW93E$_$1,1,0.0,2,0.2409994751214981,0.2409994751214981,0.040939674,0.38355964,0.57550067,2,2026
qgC8_emxSIU$_$6,1,0.0,2,0.0113917794078588,0.0113917794078588,0.046450082,0.40286922,0.5506807,2,2026
r46amqjpWgg$_$26,2,0.6666666865348816,2,0.8443289995193481,0.8443289995193481,0.08257442,0.08453765,0.8328879,2,2026
r46amqjpWgg$_$22,2,0.6666666865348816,2,1.019505739212036,1.019505739212036,0.04472256,0.11662966,0.8386478,2,2026
r46amqjpWgg$_$6,2,1.3333333730697632,2,0.5795333981513977,0.5795333981513977,0.008066261,0.15749985,0.83443385,2,2026
r46amqjpWgg$_$15,1,0.0,1,0.0,-0.0074026915244758,0.2976007,0.36605492,0.33634445,1,2026
r46amqjpWgg$_$32,2,1.0,2,1.6235697269439695,1.6235697269439695,0.023634074,0.031753574,0.9446123,2,2026
rcfnqiD0y8o$_$0,2,1.6666666269302368,2,2.1992406845092773,2.1992406845092773,0.007350666,0.0076312385,0.9850181,2,2026
rhQB8e999-Q$_$10,2,1.0,2,0.7677122354507446,0.7677122354507446,0.017080123,0.066838615,0.91608125,2,2026
rhQB8e999-Q$_$0,2,0.6666666865348816,2,1.0537817478179932,1.0537817478179932,0.005726063,0.05649676,0.93777716,2,2026
rhQB8e999-Q$_$5,1,0.0,2,0.7182546257972717,0.7182546257972717,0.004535335,0.07337799,0.92208666,2,2026
rhQB8e999-Q$_$7,2,0.6666666865348816,2,0.9616618752479552,0.9616618752479552,0.0047543054,0.03401705,0.96122855,2,2026
rhQB8e999-Q$_$8,1,0.0,2,0.5007835626602173,0.5007835626602173,0.0047241217,0.119710654,0.8755652,2,2026
svsbGQn389o$_$8,0,-1.3333333730697632,0,-1.0406455993652344,-1.0406455993652344,0.91066796,0.038820017,0.050511982,0,2026
tC2KicUHB9Q$_$7,0,-0.3333333432674408,1,0.0,0.2376956194639206,0.06197158,0.51480275,0.4232257,1,2026
tNd3--lvSXE$_$6,2,0.6666666865348816,1,0.0,0.3155259490013122,0.31441262,0.37681386,0.30877355,1,2026
teQqaAmqqx0$_$0,1,0.0,2,0.4822161197662353,0.4822161197662353,0.16216859,0.11291644,0.72491497,2,2026
teQqaAmqqx0$_$3,1,0.0,2,0.3896111845970154,0.3896111845970154,0.1245689,0.08456446,0.7908667,2,2026
tnWmVXZ87h0$_$0,2,2.0,2,1.4267569780349731,1.4267569780349731,0.042151455,0.03426401,0.92358464,2,2026
tnWmVXZ87h0$_$3,2,1.6666666269302368,2,0.8564798831939697,0.8564798831939697,0.29199427,0.05645732,0.65154845,2,2026
ttfaZ8IIWCo$_$2,2,2.3333332538604736,2,0.9409058690071106,0.9409058690071106,0.006130248,0.090834916,0.90303487,2,2026
ttfaZ8IIWCo$_$5,2,2.3333332538604736,2,1.3546618223190308,1.3546618223190308,0.006463647,0.023107698,0.9704287,2,2026
ttfaZ8IIWCo$_$4,2,2.3333332538604736,2,1.1099019050598145,1.1099019050598145,0.0059485296,0.074113645,0.9199378,2,2026
tymso_pAxhk$_$12,0,-1.0,2,0.2488448470830917,0.2488448470830917,0.23943721,0.19471954,0.56584334,2,2026
u9ZV8jb_-U0$_$0,0,-1.6666666269302368,0,-1.0466960668563845,-1.0466960668563845,0.659477,0.08924949,0.25127345,0,2026
um8WVjZMLUc$_$1,1,0.0,0,-1.1610416173934937,-1.1610416173934937,0.96019,0.030638814,0.0091711925,0,2026
unOeTDc2rlY$_$27,2,1.0,2,0.405521035194397,0.405521035194397,0.16966824,0.091300234,0.73903155,2,2026
unOeTDc2rlY$_$31,2,1.0,2,0.0872520878911018,0.0872520878911018,0.17407465,0.2979248,0.5280006,2,2026
unOeTDc2rlY$_$29,0,-0.3333333432674408,0,-0.5343117117881775,-0.5343117117881775,0.5092632,0.09963843,0.39109832,0,2026
uogwnZGb-iE$_$26,2,2.0,2,0.8809974789619446,0.8809974789619446,0.04607638,0.1145751,0.83934855,2,2026
uogwnZGb-iE$_$21,2,0.3333333432674408,2,0.3947144150733948,0.3947144150733948,0.19728506,0.10556772,0.69714725,2,2026
uogwnZGb-iE$_$22,2,2.0,2,2.1354403495788574,2.1354403495788574,0.0038975151,0.017952938,0.9781496,2,2026
uogwnZGb-iE$_$28,2,2.3333332538604736,2,2.130654811859131,2.130654811859131,0.008709852,0.018816384,0.97247374,2,2026
uogwnZGb-iE$_$13,2,2.3333332538604736,2,1.9544577598571775,1.9544577598571775,0.009234337,0.017900946,0.97286475,2,2026
uogwnZGb-iE$_$6,2,1.0,2,1.6111339330673218,1.6111339330673218,0.025715146,0.054923862,0.919361,2,2026
vB_kZocHtYo$_$8,1,0.0,2,1e-06,-0.0079724341630935,0.11840676,0.34654066,0.5350526,2,2026
vGkIaClHKDg$_$6,2,1.3333333730697632,2,1.6991575956344604,1.6991575956344604,0.007871726,0.019804666,0.9723237,2,2026
vR90Pdx9wxs$_$3,2,0.3333333432674408,2,0.1341131925582885,0.1341131925582885,0.05338794,0.32681644,0.6197956,2,2026
v_8QeoNc4QY$_$5,2,0.3333333432674408,1,0.0,-0.2379624098539352,0.3033512,0.5825213,0.11412748,1,2026
veA6ECsGFxI$_$0,2,0.6666666865348816,2,0.6046569347381592,0.6046569347381592,0.029476283,0.12835167,0.842172,2,2026
wC_1M7KIv9s$_$24,1,0.0,2,0.2842991352081299,0.2842991352081299,0.055644456,0.21096894,0.7333866,2,2026
wC_1M7KIv9s$_$12,2,0.3333333432674408,2,0.8834014534950256,0.8834014534950256,0.029306762,0.088193975,0.8824992,2,2026
wC_1M7KIv9s$_$23,1,0.0,0,-0.5685970783233643,-0.5685970783233643,0.47932732,0.30167755,0.21899505,0,2026
wC_1M7KIv9s$_$1,2,0.6666666865348816,1,0.0,0.2971054017543793,0.06549837,0.5559445,0.37855715,1,2026
wC_1M7KIv9s$_$5,1,0.0,1,0.0,-0.0822814106941223,0.16027907,0.6824125,0.15730847,1,2026
wC_1M7KIv9s$_$25,2,2.0,2,0.6851913928985596,0.6851913928985596,0.03230282,0.10187847,0.86581874,2,2026
wC_1M7KIv9s$_$21,0,-0.3333333432674408,0,-0.6930554509162903,-0.6930554509162903,0.6668252,0.137331,0.19584382,0,2026
wHeZHLv9wGI$_$12,0,-0.6666666865348816,2,0.0901385024189949,0.0901385024189949,0.3833521,0.06399027,0.55265766,2,2026
wnL3ld9bM2o$_$25,2,2.0,0,-1.3290685415267944,-1.3290685415267944,0.725335,0.051101763,0.22356321,0,2026
wnL3ld9bM2o$_$21,2,0.3333333432674408,0,-0.7896925806999207,-0.7896925806999207,0.6815646,0.19167681,0.1267586,0,2026
wnL3ld9bM2o$_$4,2,0.3333333432674408,2,1.5177690982818604,1.5177690982818604,0.033330984,0.03236044,0.93430865,2,2026
wnL3ld9bM2o$_$9,2,1.0,2,0.8831027746200562,0.8831027746200562,0.03001364,0.05422951,0.9157568,2,2026
wnL3ld9bM2o$_$15,1,0.0,0,-0.3900325894355774,-0.3900325894355774,0.56647986,0.11056628,0.32295385,0,2026
wnL3ld9bM2o$_$14,1,0.0,1,0.0,-0.0180257149040699,0.03143204,0.78706247,0.18150553,1,2026
wznRBN1fWj4$_$0,1,0.0,1,0.0,-0.1008778065443039,0.2651564,0.4872779,0.24756564,1,2026
wznRBN1fWj4$_$6,1,0.0,2,0.3593254685401916,0.3593254685401916,0.023052504,0.09486996,0.88207746,2,2026
x0rLwBIocuI$_$7,0,-0.6666666865348816,0,-1.1606189012527466,-1.1606189012527466,0.90168566,0.05922683,0.0390875,0,2026
xBE9YWYGjtk$_$7,2,2.0,2,1.5060184001922607,1.5060184001922607,0.024892451,0.033510264,0.9415972,2,2026
xSCvspXYU9k$_$19,0,-1.0,0,-0.794222354888916,-0.794222354888916,0.64186496,0.1388943,0.21924075,0,2026
xSCvspXYU9k$_$7,1,0.0,2,1.2535288333892822,1.2535288333892822,0.021535749,0.06732901,0.91113526,2,2026
xXXcgb9eZ9Y$_$7,0,-0.3333333432674408,0,-0.2271182239055633,-0.2271182239055633,0.69131666,0.17747663,0.13120668,0,2026
xmLJHru6Z1M$_$12,2,1.0,2,1e-06,-0.0858082026243209,0.3375447,0.28844166,0.37401363,2,2026
xmLJHru6Z1M$_$14,2,1.0,2,1e-06,-0.2203939855098724,0.3869216,0.21633779,0.39674062,2,2026
xmLJHru6Z1M$_$8,2,0.3333333432674408,2,0.4322523474693298,0.4322523474693298,0.0437361,0.14618798,0.8100759,2,2026
xobMRm5Vs44$_$1,1,0.0,2,1.1470636129379272,1.1470636129379272,0.0057854387,0.026232602,0.96798193,2,2026
yCpHmPSshKY$_$1,2,1.6666666269302368,0,-0.3816807270050049,-0.3816807270050049,0.5724741,0.13165347,0.29587233,0,2026
yCpHmPSshKY$_$0,2,0.6666666865348816,2,0.0585954710841178,0.0585954710841178,0.19464189,0.3053634,0.49999475,2,2026
yLo-Jl8nBXU$_$11,2,0.6666666865348816,2,1.4617804288864136,1.4617804288864136,0.029592535,0.035932034,0.93447536,2,2026
yLo-Jl8nBXU$_$0,1,0.0,0,-0.4487902522087097,-0.4487902522087097,0.6799848,0.17702378,0.14299145,0,2026
yLo-Jl8nBXU$_$6,2,1.3333333730697632,2,1.754292368888855,1.754292368888855,0.025892567,0.026366081,0.9477414,2,2026
ySblgk7T7eQ$_$12,0,-0.3333333432674408,2,1e-06,-0.3384541571140289,0.2918525,0.16281006,0.5453375,2,2026
ySblgk7T7eQ$_$0,2,1.0,2,1.7265418767929075,1.7265418767929075,0.00849585,0.039090734,0.95241344,2,2026
ySblgk7T7eQ$_$4,2,0.6666666865348816,2,1e-06,-0.0558478310704231,0.18348639,0.26448157,0.5520321,2,2026
ySblgk7T7eQ$_$9,2,1.0,0,-1.5949255228042605,-1.5949255228042605,0.83761996,0.09381578,0.06856424,0,2026
yUqNp-poh9M$_$2,0,-0.3333333432674408,0,-1.2301650047302246,-1.2301650047302246,0.83030665,0.05425286,0.115440495,0,2026
yUqNp-poh9M$_$9,1,0.0,0,-1.7216591835021973,-1.7216591835021973,0.9282562,0.025459094,0.046284612,0,2026
ydzNAuqUAnc$_$6,0,-1.0,0,-1e-06,0.0392994098365306,0.4819797,0.08700952,0.43101075,0,2026
yoDMh8FlHR8$_$0,2,1.6666666269302368,2,0.5399490594863892,0.5399490594863892,0.020451056,0.16065162,0.8188973,2,2026
yzCHa2qchpg$_$1,0,-2.0,2,1e-06,-0.0482392720878124,0.42835435,0.04616379,0.5254818,2,2026
yzCHa2qchpg$_$2,2,1.3333333730697632,2,1.403509497642517,1.403509497642517,0.06531239,0.03691048,0.89777714,2,2026
z441aDJvAcU$_$20,2,1.0,2,1.0611417293548584,1.0611417293548584,0.0071632587,0.059563644,0.93327314,2,2026
z441aDJvAcU$_$21,2,0.3333333432674408,2,1.0674506425857544,1.0674506425857544,0.01692891,0.049416702,0.9336544,2,2026
z441aDJvAcU$_$22,1,0.0,0,-0.0478670969605445,-0.0478670969605445,0.40926176,0.19629927,0.39443898,0,2026
zfZUOvZZTuk$_$1,1,0.0,1,0.0,0.114684522151947,0.15746842,0.44717926,0.3953523,1,2026
zfZUOvZZTuk$_$8,1,0.0,2,0.5702083706855774,0.5702083706855774,0.123605475,0.25929374,0.61710083,2,2026
zhNksSReaQk$_$27,1,0.0,2,0.8455702066421509,0.8455702066421509,0.08461253,0.063365705,0.8520218,2,2026
zhNksSReaQk$_$44,0,-1.0,2,0.8075939416885376,0.8075939416885376,0.050699018,0.043858834,0.9054421,2,2026
zhNksSReaQk$_$28,0,-1.0,0,-0.0208605099469423,-0.0208605099469423,0.6876662,0.049751606,0.2625822,0,2026
zhNksSReaQk$_$1,1,0.0,2,0.3607654869556427,0.3607654869556427,0.19362597,0.15323152,0.65314245,2,2026
zhNksSReaQk$_$4,0,-0.3333333432674408,0,-1.6102514266967771,-1.6102514266967771,0.89980495,0.05030806,0.049887005,0,2026
zhNksSReaQk$_$15,1,0.0,2,0.1448536664247512,0.1448536664247512,0.19714436,0.17527479,0.6275809,2,2026
zhNksSReaQk$_$36,1,0.0,0,-0.7623315453529358,-0.7623315453529358,0.5623631,0.036554135,0.40108275,0,2026
