variant,seed,modalities,rate,position,mask_seed,js,flip_rate,raw_intensity_shift
B0,2027,T,0.1,random,5026,0.009285843931138515,0.0811554342508316,0.1666211485862732
B0,2027,T,0.1,random,5027,0.01258140429854393,0.1114167794585228,0.19455844163894653
B0,2027,T,0.1,random,5028,0.013019413687288761,0.09903714060783386,0.19166406989097595
B0,2027,T,0.2,random,5026,0.01975214295089245,0.14305365085601807,0.25175589323043823
B0,2027,T,0.2,random,5027,0.02020316757261753,0.15268225967884064,0.2716694176197052
B0,2027,T,0.2,random,5028,0.021204976364970207,0.15405777096748352,0.2648943066596985
B0,2027,T,0.3,start,5026,0.022137748077511787,0.15268225967884064,0.29356494545936584
B0,2027,T,0.3,middle,5026,0.031003035604953766,0.17193947732448578,0.3322535753250122
B0,2027,T,0.3,end,5026,0.03574047610163689,0.19119669497013092,0.3549381494522095
B0,2027,T,0.3,random,5026,0.02813061699271202,0.15268225967884064,0.3235852122306824
B0,2027,T,0.3,random,5027,0.029544753953814507,0.19119669497013092,0.34196752309799194
B0,2027,T,0.3,random,5028,0.030769875273108482,0.18707014620304108,0.3268808424472809
B0,2027,T,0.4,random,5026,0.04165692254900932,0.20907840132713318,0.40184828639030457
B0,2027,T,0.4,random,5027,0.043839745223522186,0.22696010768413544,0.4244419038295746
B0,2027,T,0.4,random,5028,0.04196522757411003,0.21870701014995575,0.40091562271118164
B0,2027,T,0.5,random,5026,0.05406292900443077,0.24071526527404785,0.46820732951164246
B0,2027,T,0.5,random,5027,0.0553215853869915,0.24621732532978058,0.47908735275268555
B0,2027,T,0.5,random,5028,0.05395502224564552,0.24071526527404785,0.4589878022670746
B0,2027,A,0.1,random,5026,1.534316311335715e-06,0.0,0.006500923540443182
B0,2027,A,0.1,random,5027,1.877751174106379e-06,0.0013755158288404346,0.006362340413033962
B0,2027,A,0.1,random,5028,1.327074187429389e-06,0.0,0.006277983542531729
B0,2027,A,0.2,random,5026,4.463397090148646e-06,0.0,0.011065091006457806
B0,2027,A,0.2,random,5027,4.5038464122626465e-06,0.002751031657680869,0.010538994334638119
B0,2027,A,0.2,random,5028,4.055420959048206e-06,0.002751031657680869,0.010824196971952915
B0,2027,A,0.3,start,5026,8.25367806100985e-06,0.0013755158288404346,0.0160104651004076
B0,2027,A,0.3,middle,5026,1.0422942978038918e-05,0.0013755158288404346,0.014307581819593906
B0,2027,A,0.3,end,5026,2.3406762920785695e-05,0.002751031657680869,0.016284802928566933
B0,2027,A,0.3,random,5026,9.320850040239748e-06,0.0013755158288404346,0.015309526585042477
B0,2027,A,0.3,random,5027,1.0850942999240942e-05,0.002751031657680869,0.014489954337477684
B0,2027,A,0.3,random,5028,8.761598110140767e-06,0.002751031657680869,0.015572857111692429
B0,2027,A,0.4,random,5026,1.4620456568081863e-05,0.004126547370105982,0.019005663692951202
B0,2027,A,0.4,random,5027,1.5970841559465043e-05,0.002751031657680869,0.018330570310354233
B0,2027,A,0.4,random,5028,1.4280658433563076e-05,0.002751031657680869,0.0193934328854084
B0,2027,A,0.5,random,5026,1.9953809896833263e-05,0.005502063315361738,0.022141877561807632
B0,2027,A,0.5,random,5027,2.3158008843893185e-05,0.002751031657680869,0.022277871146798134
B0,2027,A,0.5,random,5028,1.988998155866284e-05,0.002751031657680869,0.022797677665948868
B0,2027,V,0.1,random,5026,2.631666575325653e-06,0.0,0.006548809353262186
B0,2027,V,0.1,random,5027,2.6055006401293213e-06,0.0,0.006466647610068321
B0,2027,V,0.1,random,5028,2.669068635441363e-06,0.0013755158288404346,0.006470630411058664
B0,2027,V,0.2,random,5026,7.649456165381707e-06,0.0013755158288404346,0.012200913392007351
B0,2027,V,0.2,random,5027,7.63696607464226e-06,0.0013755158288404346,0.012212065048515797
B0,2027,V,0.2,random,5028,7.706335054535884e-06,0.0013755158288404346,0.012208251282572746
B0,2027,V,0.3,start,5026,1.6238802345469594e-05,0.0013755158288404346,0.017376961186528206
B0,2027,V,0.3,middle,5026,1.5746687495266087e-05,0.0013755158288404346,0.017994476482272148
B0,2027,V,0.3,end,5026,1.6418014638475142e-05,0.0013755158288404346,0.018336815759539604
B0,2027,V,0.3,random,5026,1.603168493602425e-05,0.0013755158288404346,0.017851047217845917
B0,2027,V,0.3,random,5027,1.604552016942762e-05,0.0013755158288404346,0.017732763662934303
B0,2027,V,0.3,random,5028,1.595742469362449e-05,0.0013755158288404346,0.017796549946069717
B0,2027,V,0.4,random,5026,2.656295691849664e-05,0.0013755158288404346,0.02321198768913746
B0,2027,V,0.4,random,5027,2.6512039767112583e-05,0.002751031657680869,0.02308589220046997
B0,2027,V,0.4,random,5028,2.6617404728312977e-05,0.002751031657680869,0.023278430104255676
B0,2027,V,0.5,random,5026,3.913609907613136e-05,0.002751031657680869,0.02806858904659748
B0,2027,V,0.5,random,5027,3.927593206753954e-05,0.002751031657680869,0.02816404029726982
B0,2027,V,0.5,random,5028,3.9249411202035844e-05,0.002751031657680869,0.028242623433470726
B0,2027,TA,0.3,start,5026,0.022076860070228577,0.15268225967884064,0.29478132724761963
B0,2027,TA,0.3,middle,5026,0.030994266271591187,0.16781292855739594,0.3340260088443756
B0,2027,TA,0.3,end,5026,0.035725608468055725,0.1856946349143982,0.35690319538116455
B0,2027,TA,0.3,random,5026,0.02806761860847473,0.14993122220039368,0.3247327506542206
B0,2027,TA,0.3,random,5027,0.02951028384268284,0.19394773244857788,0.3425561487674713
B0,2027,TA,0.3,random,5028,0.030747802928090096,0.1843191236257553,0.327806681394577
B0,2027,TV,0.3,start,5026,0.021864360198378563,0.1471801996231079,0.2908210754394531
B0,2027,TV,0.3,middle,5026,0.030838139355182648,0.16918843984603882,0.332525372505188
B0,2027,TV,0.3,end,5026,0.035549767315387726,0.18844567239284515,0.3519153594970703
B0,2027,TV,0.3,random,5026,0.028011497110128403,0.1485557109117508,0.3213992118835449
B0,2027,TV,0.3,random,5027,0.02934841252863407,0.18707014620304108,0.33940261602401733
B0,2027,TV,0.3,random,5028,0.030649865046143532,0.1856946349143982,0.32474595308303833
B0,2027,AV,0.3,start,5026,3.1123483495321125e-05,0.0013755158288404346,0.022887825965881348
B0,2027,AV,0.3,middle,5026,3.190365168848075e-05,0.002751031657680869,0.0230911523103714
B0,2027,AV,0.3,end,5026,4.610573159880005e-05,0.002751031657680869,0.02535940147936344
B0,2027,AV,0.3,random,5026,3.110583929810673e-05,0.002751031657680869,0.024020280689001083
B0,2027,AV,0.3,random,5027,3.2990341424010694e-05,0.002751031657680869,0.023452090099453926
B0,2027,AV,0.3,random,5028,3.061915413127281e-05,0.002751031657680869,0.023843444883823395
B0,2027,TAV,0.3,start,5026,0.021808795630931854,0.1485557109117508,0.2912237346172333
B0,2027,TAV,0.3,middle,5026,0.03083903156220913,0.16643741726875305,0.3334827125072479
B0,2027,TAV,0.3,end,5026,0.035535383969545364,0.192572221159935,0.3536456227302551
B0,2027,TAV,0.3,random,5026,0.027949444949626923,0.14993122220039368,0.32221823930740356
B0,2027,TAV,0.3,random,5027,0.029320072382688522,0.19119669497013092,0.3401349186897278
B0,2027,TAV,0.3,random,5028,0.03063412569463253,0.1856946349143982,0.3253149092197418
