sample_id,source_file,polarity,intensity
附件3_01,附件3_01.pkl,Negative,-1.40885591506958
附件3_02,附件3_02.pkl,Neutral,0.0
附件3_03,附件3_03.pkl,Neutral,0.0
附件3_04,附件3_04.pkl,Positive,0.38831841945648193
附件3_05,附件3_05.pkl,Negative,-1.3888722658157349
附件3_06,附件3_06.pkl,Positive,1.129805326461792
附件3_07,附件3_07.pkl,Positive,0.31281495094299316
附件3_08,附件3_08.pkl,Positive,0.4175563454627991
附件3_09,附件3_09.pkl,Positive,1.1362028121948242
附件3_10,附件3_10.pkl,Neutral,0.0
附件3_11,附件3_11.pkl,Positive,0.569730281829834
附件3_12,附件3_12.pkl,Positive,0.3710705637931824
附件3_13,附件3_13.pkl,Positive,0.02384074777364731
附件3_14,附件3_14.pkl,Negative,-0.7356415390968323
附件3_15,附件3_15.pkl,Positive,0.7463927268981934
附件3_16,附件3_16.pkl,Positive,1.5666017532348633
附件3_17,附件3_17.pkl,Negative,-0.2979670763015747
附件3_18,附件3_18.pkl,Positive,0.3095179498195648
附件3_19,附件3_19.pkl,Negative,-0.42506396770477295
附件3_20,附件3_20.pkl,Neutral,0.0
附件3_21,附件3_21.pkl,Positive,0.800394594669342
附件3_22,附件3_22.pkl,Positive,0.46985673904418945
附件3_23,附件3_23.pkl,Neutral,0.0
附件3_24,附件3_24.pkl,Negative,-0.9446069598197937
附件3_25,附件3_25.pkl,Positive,0.6546617746353149
附件3_26,附件3_26.pkl,Positive,0.7383005023002625
附件3_27,附件3_27.pkl,Positive,0.5706644654273987
附件3_28,附件3_28.pkl,Positive,0.3176860511302948
附件3_29,附件3_29.pkl,Positive,0.49397826194763184
附件3_30,附件3_30.pkl,Neutral,0.0
