sample_id,raw_text,polarity,intensity,I_text,I_audio,I_vision,phi_text,phi_audio,phi_vision,main_support,key_text,key_audio,key_vision,comprehensiveness,sufficiency,stability
01,Replacing these wear components when replacing the timing belt is essential to ensuring the new belt performs to its mileage requirements,中,0.0,0.9842601418495178,0.014551099389791489,0.0011887350119650364,0.2458752691745758,-0.01433392365773519,-0.01346157987912496,text,"[{'start': 1, 'end': 10, 'tokens': ['replacing', 'these', 'wear', 'components', 'when', 'replacing', 'the', 'timing', 'belt'], 'mass': 0.25509461760520935}, {'start': 14, 'end': 17, 'tokens': ['the', 'new', 'belt'], 'mass': 0.058889567852020264}, {'start': 19, 'end': 20, 'tokens': ['its'], 'mass': 0.020390234887599945}, {'start': 22, 'end': 23, 'tokens': ['requirements'], 'mass': 0.021342087537050247}]","[{'start': 7, 'end': 8, 'tokens': None, 'mass': 0.0014315806329250336}, {'start': 10, 'end': 11, 'tokens': None, 'mass': 0.0007724705501459539}, {'start': 13, 'end': 14, 'tokens': None, 'mass': 0.0007308491040021181}, {'start': 18, 'end': 19, 'tokens': None, 'mass': 0.0009031594963744283}, {'start': 22, 'end': 23, 'tokens': None, 'mass': 0.0006542681949213147}]","[{'start': 2, 'end': 6, 'tokens': None, 'mass': 0.0003791745693888515}]",0.35167279839515686,0.02220916748046875,0.9777777777777779
02,We want to live by each other’s happiness - not by each other’s misery.,正,0.5229797959327698,0.9983986616134644,0.0,0.001601300435140729,0.2652215560277303,-0.02039659023284912,0.0005609293778737386,text,"[{'start': 3, 'end': 12, 'tokens': ['to', 'live', 'by', 'each', 'other', '’', 's', 'happiness', '-'], 'mass': 0.39821821451187134}, {'start': 14, 'end': 15, 'tokens': ['each'], 'mass': 0.037303175777196884}]",[],"[{'start': 1, 'end': 2, 'tokens': None, 'mass': 0.00013798900181427598}, {'start': 12, 'end': 15, 'tokens': None, 'mass': 0.00040703400736674666}, {'start': 18, 'end': 20, 'tokens': None, 'mass': 0.00022980349604040384}]",0.27691683173179626,0.3376081585884094,0.6296296296296297
03,"There's one lender at the moment which I think is just Bankwest who don't take rental income into account, they take rental yield into account.",负,-0.7751535177230835,0.9978959560394287,0.0016635812353342772,0.000440450879978016,0.46722827355066937,0.006406068801879883,-0.025379985570907593,text,"[{'start': 1, 'end': 5, 'tokens': ['there', ""'"", 's', 'one'], 'mass': 0.1657901406288147}, {'start': 7, 'end': 15, 'tokens': ['at', 'the', 'moment', 'which', 'i', 'think', 'is', 'just'], 'mass': 0.3307300806045532}, {'start': 17, 'end': 21, 'tokens': ['who', 'don', ""'"", 't'], 'mass': 0.16300049424171448}, {'start': 26, 'end': 29, 'tokens': [',', 'they', 'take'], 'mass': 0.12169815599918365}, {'start': 33, 'end': 34, 'tokens': ['.'], 'mass': 0.03593752160668373}]","[{'start': 18, 'end': 21, 'tokens': None, 'mass': 0.0013555876212194562}]","[{'start': 32, 'end': 34, 'tokens': None, 'mass': 0.0004427058156579733}]",0.5787859857082367,0.17466700077056885,0.9722222222222222
04,"If I blow it at the team exercise, should I kiss my chances of cheering ""GO BLUE"" goodbye?] Absolutely not.",负,-0.5255390405654907,0.9925849437713623,0.005446498282253742,0.001968591008335352,0.5019311904907227,-0.009645183881123861,-0.0199490487575531,text,"[{'start': 1, 'end': 5, 'tokens': ['if', 'i', 'blow', 'it'], 'mass': 0.22316144406795502}, {'start': 9, 'end': 14, 'tokens': [',', 'should', 'i', 'kiss', 'my'], 'mass': 0.29069188237190247}, {'start': 22, 'end': 27, 'tokens': ['?', ']', 'absolutely', 'not', '.'], 'mass': 0.3026875853538513}]","[{'start': 3, 'end': 6, 'tokens': None, 'mass': 0.0021844583097845316}, {'start': 8, 'end': 10, 'tokens': None, 'mass': 0.001228489214554429}, {'start': 19, 'end': 20, 'tokens': None, 'mass': 0.0005232784897089005}]","[{'start': 1, 'end': 4, 'tokens': None, 'mass': 0.0016633246559649706}]",0.6775810495018959,0.010815799236297607,0.9682539682539684
05,"Hi, my name is Chloe, video marketer for Red Wagon Marketing.",正,0.4617774486541748,0.9483741521835327,0.015528133139014244,0.03609770908951759,0.15289458632469177,0.00606993834177653,0.04544222354888916,text,"[{'start': 1, 'end': 8, 'tokens': ['hi', ',', 'my', 'name', 'is', 'chloe', ','], 'mass': 0.5886641144752502}]","[{'start': 4, 'end': 8, 'tokens': None, 'mass': 0.01031351089477539}]","[{'start': 1, 'end': 3, 'tokens': None, 'mass': 0.003627919126302004}, {'start': 6, 'end': 12, 'tokens': None, 'mass': 0.018477385863661766}]",0.17252641916275024,0.13959074020385742,1.0
06,"If you're a fan of dancing in that sense, just like to watch people dance, see impressive dance moves then you might want to check out this movie solely for that",正,1.037889003753662,0.9996775984764099,0.00020583886362146586,0.0001165135545306839,0.6636861860752106,-0.002239296833674113,-0.021166354417800903,text,"[{'start': 1, 'end': 7, 'tokens': ['if', 'you', ""'"", 're', 'a', 'fan'], 'mass': 0.349529504776001}, {'start': 9, 'end': 18, 'tokens': ['in', 'that', 'sense', ',', 'just', 'like', 'to', 'watch', 'people'], 'mass': 0.43403929471969604}, {'start': 21, 'end': 22, 'tokens': ['impressive'], 'mass': 0.04890015721321106}, {'start': 24, 'end': 31, 'tokens': ['then', 'you', 'might', 'want', 'to', 'check', 'out'], 'mass': 0.3943149447441101}, {'start': 33, 'end': 36, 'tokens': ['solely', 'for', 'that'], 'mass': 0.15232041478157043}]","[{'start': 24, 'end': 25, 'tokens': None, 'mass': 0.0003550759283825755}]","[{'start': 16, 'end': 17, 'tokens': None, 'mass': 6.505229976028204e-05}, {'start': 25, 'end': 26, 'tokens': None, 'mass': 0.00013593578478321433}]",0.5397221148014069,0.020196616649627686,0.8888888888888888
07,"As Linn’s associate editor Michael Baadke reports in our November 28 issue, attendees “enthusiastically discussed the topics of growing the hobby, the future of stamp shows, and dealers and philatelic partnerships, along with ways the leading organizations involved in the stamp hobby can work together to make it succeed and grow",正,0.7475879788398743,0.9995149374008179,0.00028987304540351033,0.00019519029592629522,0.5215565860271454,-0.007545093695322673,0.01010554035504659,text,"[{'start': 1, 'end': 2, 'tokens': ['as'], 'mass': 0.03787644952535629}, {'start': 5, 'end': 8, 'tokens': ['s', 'associate', 'editor'], 'mass': 0.11408920586109161}, {'start': 14, 'end': 33, 'tokens': ['our', 'november', '28', 'issue', ',', 'attendees', '“', 'enthusiastically', 'discussed', 'the', 'topics', 'of', 'growing', 'the', 'hobby', ',', 'the', 'future', 'of'], 'mass': 0.8841359615325928}, {'start': 36, 'end': 39, 'tokens': ['and', 'dealers', 'and'], 'mass': 0.10836326330900192}, {'start': 44, 'end': 49, 'tokens': ['along', 'with', 'ways', 'the', 'leading'], 'mass': 0.24410727620124817}]","[{'start': 25, 'end': 26, 'tokens': None, 'mass': 0.0005233134143054485}]","[{'start': 34, 'end': 37, 'tokens': None, 'mass': 0.00035238079726696014}]",0.436829537153244,0.0640714168548584,0.9629629629629629
08,"That brings us to tonight, the Universal Design Grand Challenge",正,0.9755655527114868,1.0,0.0,0.0,0.6915032664934794,-0.005272825558980306,-0.006163895130157471,text,"[{'start': 1, 'end': 8, 'tokens': ['that', 'brings', 'us', 'to', 'tonight', ',', 'the'], 'mass': 1.7595374584197998}, {'start': 10, 'end': 12, 'tokens': ['grand', 'challenge'], 'mass': 0.4655139446258545}]",[],[],0.6205590069293976,0.011153817176818848,0.3333333333333333
09,"(uhh) I did not like this movie at all, I would not recommend it",负,-2.4000725746154785,0.9800103306770325,0.00794989988207817,0.012039772234857082,0.6086303393046061,-0.0018920401732126872,0.034192800521850586,text,"[{'start': 1, 'end': 11, 'tokens': ['(', 'uh', '##h', ')', 'i', 'did', 'not', 'like', 'this', 'movie'], 'mass': 1.608598232269287}, {'start': 13, 'end': 19, 'tokens': [',', 'i', 'would', 'not', 'recommend', 'it'], 'mass': 0.9344362020492554}]","[{'start': 1, 'end': 3, 'tokens': None, 'mass': 0.0019671537447720766}, {'start': 6, 'end': 10, 'tokens': None, 'mass': 0.010109156370162964}, {'start': 14, 'end': 16, 'tokens': None, 'mass': 0.004785797093063593}]","[{'start': 1, 'end': 6, 'tokens': None, 'mass': 0.010348282754421234}, {'start': 8, 'end': 12, 'tokens': None, 'mass': 0.00906107947230339}, {'start': 15, 'end': 17, 'tokens': None, 'mass': 0.006046765949577093}]",0.5125452876091003,0.005485236644744873,0.9666666666666666
10,(umm) And you know I really do like to see fluffy chick flicks sometimes so I'm not against that but this one was pretty terrible,负,-1.9866034984588623,0.996619701385498,0.0033802692778408527,0.0,0.7015695770581564,-0.011157840490341187,-0.004806409279505412,text,"[{'start': 1, 'end': 5, 'tokens': ['(', 'umm', ')', 'and'], 'mass': 0.33001986145973206}, {'start': 7, 'end': 9, 'tokens': ['i', 'really'], 'mass': 0.15768331289291382}, {'start': 11, 'end': 20, 'tokens': ['to', 'see', 'fluffy', 'chick', 'flick', '##s', 'sometimes', 'so', 'i'], 'mass': 0.7157351970672607}, {'start': 24, 'end': 31, 'tokens': ['that', 'but', 'this', 'one', 'was', 'pretty', 'terrible'], 'mass': 0.5959151983261108}]","[{'start': 13, 'end': 15, 'tokens': None, 'mass': 0.002035041805356741}, {'start': 17, 'end': 21, 'tokens': None, 'mass': 0.0037381788715720177}]",[],0.7780431509017944,0.006749391555786133,0.6507936507936508
11,I would be ashamed to have made this film if I was a director,负,-1.9988125562667847,0.9908936023712158,3.2843672670423985e-06,0.009103142656385899,0.5394905507564545,0.011679848035176596,-0.013394564390182495,text,"[{'start': 1, 'end': 9, 'tokens': ['i', 'would', 'be', 'ashamed', 'to', 'have', 'made', 'this'], 'mass': 1.0712735652923584}, {'start': 11, 'end': 14, 'tokens': ['i', 'was', 'a'], 'mass': 0.39764657616615295}]","[{'start': 4, 'end': 5, 'tokens': None, 'mass': 6.013782694935799e-06}]","[{'start': 1, 'end': 6, 'tokens': None, 'mass': 0.007609918247908354}, {'start': 12, 'end': 15, 'tokens': None, 'mass': 0.00522247888147831}]",0.5463056862354279,0.0546908974647522,0.7777777777777778
12,"Or worse, an individual previously had good credit, but usually by no fault of their own, or perhaps by fault of their own, they have let their credit sag, and credit scores is very low.",负,-1.0705217123031616,1.0,0.0,0.0,0.567634105682373,0.0013499657313028972,0.0033529698848724365,text,"[{'start': 1, 'end': 5, 'tokens': ['or', 'worse', ',', 'an'], 'mass': 0.20253747701644897}, {'start': 10, 'end': 28, 'tokens': [',', 'but', 'usually', 'by', 'no', 'fault', 'of', 'their', 'own', ',', 'or', 'perhaps', 'by', 'fault', 'of', 'their', 'own', ','], 'mass': 0.8901997804641724}, {'start': 30, 'end': 31, 'tokens': ['let'], 'mass': 0.04634687304496765}, {'start': 35, 'end': 37, 'tokens': [',', 'and'], 'mass': 0.104312002658844}, {'start': 39, 'end': 43, 'tokens': ['is', 'very', 'low', '.'], 'mass': 0.2095009684562683}]",[],[],0.7096722424030304,0.08843481540679932,0.3333333333333333
13,"For example, I could take a set of data and from that data, I can find a relationship between any two of the given factors or more.",中,0.0,0.997430682182312,0.0025692495983093977,0.0,0.4486950635910034,-0.00961214303970337,,text,"[{'start': 1, 'end': 7, 'tokens': ['for', 'example', ',', 'i', 'could', 'take'], 'mass': 0.2166784107685089}, {'start': 11, 'end': 12, 'tokens': ['and'], 'mass': 0.035926058888435364}, {'start': 16, 'end': 31, 'tokens': ['i', 'can', 'find', 'a', 'relationship', 'between', 'any', 'two', 'of', 'the', 'given', 'factors', 'or', 'more', '.'], 'mass': 0.5556517839431763}]","[{'start': 13, 'end': 14, 'tokens': None, 'mass': 0.0006899791187606752}, {'start': 17, 'end': 19, 'tokens': None, 'mass': 0.0012130285613238811}]",[],0.3553585112094879,0.06953030824661255,0.6666666666666666
14,He is the co-founder of Rossen and Vettese Limited and the former Executive Director of Uniform Final Examination (UFE) courses at Toronto's York University.,中,0.0,0.9637471437454224,0.024247704073786736,0.012005084194242954,0.33621901273727417,-0.009344975153605143,-0.020504424969355266,text,"[{'start': 1, 'end': 6, 'tokens': ['he', 'is', 'the', 'co', '-'], 'mass': 0.09244648367166519}, {'start': 8, 'end': 17, 'tokens': ['ross', '##en', 'and', 'vet', '##tes', '##e', 'limited', 'and', 'the'], 'mass': 0.17600786685943604}, {'start': 19, 'end': 22, 'tokens': ['director', 'of', 'uniform'], 'mass': 0.04551832377910614}, {'start': 26, 'end': 27, 'tokens': ['##fe'], 'mass': 0.013743926770985126}, {'start': 35, 'end': 36, 'tokens': ['.'], 'mass': 0.04152696579694748}]","[{'start': 23, 'end': 30, 'tokens': None, 'mass': 0.007680846378207207}, {'start': 34, 'end': 36, 'tokens': None, 'mass': 0.002145807258784771}]","[{'start': 10, 'end': 11, 'tokens': None, 'mass': 0.0002763921511359513}, {'start': 14, 'end': 15, 'tokens': None, 'mass': 0.0005069359904155135}, {'start': 21, 'end': 30, 'tokens': None, 'mass': 0.0036115883849561214}]",0.29130667448043823,0.0750313401222229,1.0
15,"However, despite their poverty, the family prioritize education because they believed in its power to transform lives",正,0.7490906715393066,0.9621788859367371,0.029037639498710632,0.008783465251326561,0.5028550724188486,0.026526927947998047,0.01266010602315267,text,"[{'start': 4, 'end': 5, 'tokens': ['their'], 'mass': 0.11008778214454651}, {'start': 7, 'end': 22, 'tokens': ['the', 'family', 'prior', '##iti', '##ze', 'education', 'because', 'they', 'believed', 'in', 'its', 'power', 'to', 'transform', 'lives'], 'mass': 1.7260217666625977}]","[{'start': 3, 'end': 5, 'tokens': None, 'mass': 0.009395617991685867}, {'start': 9, 'end': 21, 'tokens': None, 'mass': 0.04221444949507713}]","[{'start': 9, 'end': 12, 'tokens': None, 'mass': 0.008190191350877285}, {'start': 17, 'end': 19, 'tokens': None, 'mass': 0.007296700030565262}]",0.44263577461242676,0.004663705825805664,1.0
16,"It's a terrible, this is a terrible movie",负,-2.425577402114868,0.9925007820129395,0.0074992068111896515,0.0,0.6103865106900533,0.010147303342819214,-0.010745197534561157,text,"[{'start': 1, 'end': 10, 'tokens': ['it', ""'"", 's', 'a', 'terrible', ',', 'this', 'is', 'a'], 'mass': 2.1198463439941406}]","[{'start': 8, 'end': 11, 'tokens': None, 'mass': 0.013761834241449833}]",[],0.36174172163009644,0.02547663450241089,0.6666666666666666
17,"Applying these four design concepts to your presentations is simple, easy and will make people think you turned into a design guru.",正,1.3349192142486572,0.9779815077781677,0.00019068790425080806,0.021827811375260353,0.6295534471670786,-0.012035240729649862,0.03609481453895569,text,"[{'start': 1, 'end': 3, 'tokens': ['applying', 'these'], 'mass': 0.2770690321922302}, {'start': 7, 'end': 25, 'tokens': ['your', 'presentations', 'is', 'simple', ',', 'easy', 'and', 'will', 'make', 'people', 'think', 'you', 'turned', 'into', 'a', 'design', 'guru', '.'], 'mass': 2.5522186756134033}]","[{'start': 4, 'end': 5, 'tokens': None, 'mass': 0.0006537576555274427}]","[{'start': 2, 'end': 4, 'tokens': None, 'mass': 0.008637351915240288}, {'start': 6, 'end': 9, 'tokens': None, 'mass': 0.011361703276634216}, {'start': 19, 'end': 25, 'tokens': None, 'mass': 0.03899320214986801}]",0.4782736301422119,0.006990671157836914,1.0
18,"-And in Denmark - the first Baltic Cod fishery has been MSC – certified -Meanwhile, the Faeroese Mackerel Fishery has been denied MSC certification based on the fact that the fishery has failed to reach an agreement on mackerel quotas with Norway and the European Union.",负,-0.4041252136230469,0.9770122766494751,0.005384556949138641,0.017603110522031784,0.14041617512702942,-0.0041895707448323565,0.0058819254239400225,text,"[{'start': 17, 'end': 18, 'tokens': ['meanwhile'], 'mass': 0.02095085382461548}, {'start': 28, 'end': 30, 'tokens': ['been', 'denied'], 'mass': 0.04514995217323303}, {'start': 32, 'end': 37, 'tokens': ['based', 'on', 'the', 'fact', 'that'], 'mass': 0.1461128294467926}, {'start': 39, 'end': 41, 'tokens': ['has', 'failed'], 'mass': 0.044045768678188324}]","[{'start': 6, 'end': 7, 'tokens': None, 'mass': 0.00021764152916148305}, {'start': 40, 'end': 41, 'tokens': None, 'mass': 0.00019854240235872567}, {'start': 46, 'end': 49, 'tokens': None, 'mass': 0.0010618086671456695}]","[{'start': 42, 'end': 48, 'tokens': None, 'mass': 0.004904134664684534}]",0.42608484998345375,0.06462672352790833,0.9682539682539684
19,"People are surprisingly forgiving brands when they own up to mistakes, and unfortunately some haters out there love to point fingers and jump all over imperfections, but for the most part, people understand",正,0.48962461948394775,0.9723918437957764,0.027608124539256096,0.0,0.35445815324783325,0.018720577160517376,-0.03132730722427368,text,"[{'start': 2, 'end': 4, 'tokens': ['are', 'surprisingly'], 'mass': 0.11061015725135803}, {'start': 14, 'end': 16, 'tokens': ['and', 'unfortunately'], 'mass': 0.08067572116851807}, {'start': 19, 'end': 21, 'tokens': ['out', 'there'], 'mass': 0.06469263136386871}, {'start': 33, 'end': 40, 'tokens': ['for', 'the', 'most', 'part', ',', 'people', 'understand'], 'mass': 0.3671562969684601}]","[{'start': 1, 'end': 15, 'tokens': None, 'mass': 0.01607588492333889}, {'start': 29, 'end': 32, 'tokens': None, 'mass': 0.0027229483239352703}]",[],0.6423344910144806,0.05173307657241821,0.6666666666666666
20,"And of course, click in the link of the description of this video for more, and we'll have more live updates and a stock market video (wrap-up) at the end of the day today.",正,1.0333970785140991,0.9691599607467651,0.019315363839268684,0.01152464747428894,0.5097407400608063,0.01717779040336609,0.01742960015932719,text,"[{'start': 1, 'end': 11, 'tokens': ['and', 'of', 'course', ',', 'click', 'in', 'the', 'link', 'of', 'the'], 'mass': 0.5207177996635437}, {'start': 13, 'end': 14, 'tokens': ['this'], 'mass': 0.049645937979221344}, {'start': 16, 'end': 24, 'tokens': ['more', ',', 'and', 'we', ""'"", 'll', 'have', 'more'], 'mass': 0.43269866704940796}, {'start': 26, 'end': 28, 'tokens': ['and', 'a'], 'mass': 0.09357772767543793}, {'start': 36, 'end': 43, 'tokens': ['at', 'the', 'end', 'of', 'the', 'day', 'today'], 'mass': 0.3691354990005493}]","[{'start': 6, 'end': 8, 'tokens': None, 'mass': 0.0042709773406386375}, {'start': 23, 'end': 25, 'tokens': None, 'mass': 0.004078994505107403}, {'start': 30, 'end': 36, 'tokens': None, 'mass': 0.011061570607125759}, {'start': 40, 'end': 44, 'tokens': None, 'mass': 0.009024957194924355}]","[{'start': 8, 'end': 10, 'tokens': None, 'mass': 0.0021164158824831247}, {'start': 13, 'end': 22, 'tokens': None, 'mass': 0.013570942915976048}, {'start': 27, 'end': 28, 'tokens': None, 'mass': 0.0016308680642396212}]",0.2893190383911133,0.039021193981170654,1.0
