token_id,wordpiece,t0,t1,has_time
0,[CLS],,,0
1,this,0.0,0.6,1
2,is,0.6,0.86,1
3,what,0.86,0.97,1
4,’,,,0
5,s,0.97,1.04,1
6,now,1.04,1.25,1
7,known,1.25,1.5,1
8,as,1.5,1.71,1
9,racial,1.71,1.98,1
10,formation,1.98,2.51,1
11,theory,2.51,2.87,1
12,",",,,0
13,a,3.06,3.12,1
14,theory,3.12,3.37,1
15,formal,3.37,3.92,1
16,##ized,3.37,3.92,1
17,by,3.92,4.02,1
18,modern,4.02,4.34,1
19,sociologist,4.34,4.94,1
20,##s,4.34,4.94,1
21,michael,4.94,5.19,1
22,om,5.22,5.53,1
23,##i,5.22,5.53,1
24,and,5.53,5.63,1
25,howard,5.63,6.15,1
26,win,6.21,6.741,1
27,##ant,6.21,6.741,1
28,[SEP],,,0
