variant,seed,modalities,rate,position,mask_seed,accuracy,macro_f1,weighted_f1,neutral_precision,neutral_recall,neutral_f1,mae,pearson,head_disagreement
noQ,2028,none,0.0,none,0,0.6918844566712518,0.6324415508173549,0.6797321779824899,0.49074074074074076,0.33544303797468356,0.39849624060150374,0.6146455018225268,0.6996989969424985,0.0
noQ,2028,T,0.1,random,5026,0.6822558459422283,0.6140763607976724,0.6635990106360143,0.5232558139534884,0.2848101265822785,0.36885245901639346,0.6319105497517746,0.6843401617976539,0.0
noQ,2028,T,0.1,random,5027,0.6753782668500687,0.6076946215384935,0.6578748188957979,0.4731182795698925,0.27848101265822783,0.350597609561753,0.6380289417350025,0.6648822841814006,0.0
noQ,2028,T,0.1,random,5028,0.6822558459422283,0.6273037044764838,0.669952544241103,0.5392156862745098,0.34810126582278483,0.4230769230769231,0.6346466955991444,0.681731917357906,0.0
noQ,2028,T,0.2,random,5026,0.6891334250343879,0.6150369614211596,0.6657841715913992,0.6,0.26582278481012656,0.3684210526315789,0.650030195043963,0.6514141598270177,0.0
noQ,2028,T,0.2,random,5027,0.6657496561210454,0.5850704485036395,0.641247187065713,0.4675324675324675,0.22784810126582278,0.30638297872340425,0.6510751694585064,0.6499218490795097,0.0
noQ,2028,T,0.2,random,5028,0.6657496561210454,0.6024502779881504,0.6483620410337105,0.5662650602409639,0.2974683544303797,0.3900414937759336,0.6584595766070415,0.6535899892263914,0.0
noQ,2028,T,0.3,start,5026,0.6671251719394773,0.5750323382897861,0.63576201332805,0.5172413793103449,0.189873417721519,0.2777777777777778,0.6534029349013026,0.6595405405733522,0.0
noQ,2028,T,0.3,middle,5026,0.6382393397524071,0.5467101380541082,0.6076713258656041,0.45161290322580644,0.17721518987341772,0.2545454545454545,0.6746364271675437,0.6328909558497464,0.0
noQ,2028,T,0.3,end,5026,0.6437414030261348,0.5551969818024864,0.6135262142291155,0.48333333333333334,0.18354430379746836,0.26605504587155965,0.6941651596611733,0.6021445874224223,0.0
noQ,2028,T,0.3,random,5026,0.6602475928473177,0.5800470476088972,0.6339869596173133,0.5625,0.22784810126582278,0.32432432432432434,0.6607525972942839,0.6322887533476111,0.0
noQ,2028,T,0.3,random,5027,0.640990371389271,0.5536347204028021,0.6133416458733237,0.4225352112676056,0.189873417721519,0.26200873362445415,0.6719464489820252,0.6278724849309731,0.0
noQ,2028,T,0.3,random,5028,0.6437414030261348,0.5605937057419507,0.6164150330799543,0.48484848484848486,0.20253164556962025,0.2857142857142857,0.6811265952179503,0.6299449162348109,0.0
noQ,2028,T,0.4,random,5026,0.6299862448418156,0.5287186155720344,0.5928969156201572,0.46938775510204084,0.14556962025316456,0.2222222222222222,0.7084257180790575,0.5777683712713085,0.0
noQ,2028,T,0.4,random,5027,0.6286107290233838,0.5346247018390886,0.59608042972297,0.4166666666666667,0.15822784810126583,0.22935779816513763,0.7142585315862774,0.5762268921771109,0.0
noQ,2028,T,0.4,random,5028,0.6396148555708391,0.5454627733061588,0.6061911842136123,0.4909090909090909,0.17088607594936708,0.2535211267605634,0.7023600706765823,0.597677260380408,0.0
noQ,2028,T,0.5,random,5026,0.6162310866574966,0.502393120074505,0.5716927328588524,0.5,0.11392405063291139,0.18556701030927836,0.7272546848725053,0.5424855604644521,0.0
noQ,2028,T,0.5,random,5027,0.6134800550206327,0.501233314532807,0.5700261836767468,0.4358974358974359,0.10759493670886076,0.17258883248730963,0.7168331485053897,0.55797286660019,0.0
noQ,2028,T,0.5,random,5028,0.6272352132049519,0.5073691438903,0.5798832239917343,0.4444444444444444,0.10126582278481013,0.16494845360824742,0.7167943982993333,0.5719962904525151,0.0
noQ,2028,A,0.1,random,5026,0.6918844566712518,0.6324415508173549,0.6797321779824899,0.49074074074074076,0.33544303797468356,0.39849624060150374,0.6146366429489679,0.6997572870528216,0.0
noQ,2028,A,0.1,random,5027,0.6918844566712518,0.6324415508173549,0.6797321779824899,0.49074074074074076,0.33544303797468356,0.39849624060150374,0.6145443430094951,0.7002260744218822,0.0
noQ,2028,A,0.1,random,5028,0.6918844566712518,0.6324415508173549,0.6797321779824899,0.49074074074074076,0.33544303797468356,0.39849624060150374,0.6147487098193669,0.6998350369618186,0.0
noQ,2028,A,0.2,random,5026,0.6918844566712518,0.6323959733039864,0.6795918920865777,0.4953271028037383,0.33544303797468356,0.4,0.6145670669882366,0.6999432018233847,0.0
noQ,2028,A,0.2,random,5027,0.6918844566712518,0.6324415508173549,0.6797321779824899,0.49074074074074076,0.33544303797468356,0.39849624060150374,0.6145621406274517,0.7004534916455258,0.0
noQ,2028,A,0.2,random,5028,0.6918844566712518,0.6324415508173549,0.6797321779824899,0.49074074074074076,0.33544303797468356,0.39849624060150374,0.6147904958379334,0.6999623350081379,0.0
noQ,2028,A,0.3,start,5026,0.6918844566712518,0.6323959733039864,0.6795918920865777,0.4953271028037383,0.33544303797468356,0.4,0.6152180713601527,0.6997215814938764,0.0
noQ,2028,A,0.3,middle,5026,0.6918844566712518,0.6324415508173549,0.6797321779824899,0.49074074074074076,0.33544303797468356,0.39849624060150374,0.6144230245189932,0.7002719669217963,0.0
noQ,2028,A,0.3,end,5026,0.6918844566712518,0.6323959733039864,0.6795918920865777,0.4953271028037383,0.33544303797468356,0.4,0.6148314026169124,0.7004566350552559,0.0
noQ,2028,A,0.3,random,5026,0.6918844566712518,0.6323959733039864,0.6795918920865777,0.4953271028037383,0.33544303797468356,0.4,0.6145534387544358,0.7000703612019242,0.0
noQ,2028,A,0.3,random,5027,0.6918844566712518,0.6324415508173549,0.6797321779824899,0.49074074074074076,0.33544303797468356,0.39849624060150374,0.6146357788740857,0.7005162236767126,0.0
noQ,2028,A,0.3,random,5028,0.6918844566712518,0.6324415508173549,0.6797321779824899,0.49074074074074076,0.33544303797468356,0.39849624060150374,0.6149278817386435,0.7000082198797365,0.0
noQ,2028,A,0.4,random,5026,0.6918844566712518,0.6323959733039864,0.6795918920865777,0.4953271028037383,0.33544303797468356,0.4,0.6146342274091735,0.700110093594628,0.0
noQ,2028,A,0.4,random,5027,0.6918844566712518,0.6324415508173549,0.6797321779824899,0.49074074074074076,0.33544303797468356,0.39849624060150374,0.6147701641601182,0.7006173052354205,0.0
noQ,2028,A,0.4,random,5028,0.6918844566712518,0.6324415508173549,0.6797321779824899,0.49074074074074076,0.33544303797468356,0.39849624060150374,0.6149459918159644,0.7001676718602383,0.0
noQ,2028,A,0.5,random,5026,0.6918844566712518,0.6324415508173549,0.6797321779824899,0.49074074074074076,0.33544303797468356,0.39849624060150374,0.614356578569482,0.7004503411325583,0.0
noQ,2028,A,0.5,random,5027,0.6918844566712518,0.6323959733039864,0.6795918920865777,0.4953271028037383,0.33544303797468356,0.4,0.6146309954831972,0.700942416116839,0.0
noQ,2028,A,0.5,random,5028,0.6918844566712518,0.6323959733039864,0.6795918920865777,0.4953271028037383,0.33544303797468356,0.4,0.6149207233214534,0.70038741884241,0.0
noQ,2028,V,0.1,random,5026,0.6918844566712518,0.6324415508173549,0.6797321779824899,0.49074074074074076,0.33544303797468356,0.39849624060150374,0.6143393267078142,0.6998030212178015,0.0
noQ,2028,V,0.1,random,5027,0.6918844566712518,0.6324415508173549,0.6797321779824899,0.49074074074074076,0.33544303797468356,0.39849624060150374,0.6142588259310333,0.6998465660111114,0.0
noQ,2028,V,0.1,random,5028,0.6918844566712518,0.6324415508173549,0.6797321779824899,0.49074074074074076,0.33544303797468356,0.39849624060150374,0.6143944591159654,0.6997726354479925,0.0
noQ,2028,V,0.2,random,5026,0.6918844566712518,0.6324415508173549,0.6797321779824899,0.49074074074074076,0.33544303797468356,0.39849624060150374,0.6141313393663709,0.6999082874050758,0.0
noQ,2028,V,0.2,random,5027,0.6918844566712518,0.6324415508173549,0.6797321779824899,0.49074074074074076,0.33544303797468356,0.39849624060150374,0.6140292901397814,0.6998978186568349,0.0
noQ,2028,V,0.2,random,5028,0.6918844566712518,0.6324415508173549,0.6797321779824899,0.49074074074074076,0.33544303797468356,0.39849624060150374,0.6141776486627252,0.6998697838215165,0.0
noQ,2028,V,0.3,start,5026,0.6918844566712518,0.6324415508173549,0.6797321779824899,0.49074074074074076,0.33544303797468356,0.39849624060150374,0.6140262517303171,0.6996329037064964,0.0
noQ,2028,V,0.3,middle,5026,0.6918844566712518,0.6325969294188293,0.6795423213716342,0.4953271028037383,0.33544303797468356,0.4,0.6145348895623641,0.6995648632244176,0.0
noQ,2028,V,0.3,end,5026,0.6905089408528198,0.630081206148389,0.6779020836409757,0.48598130841121495,0.3291139240506329,0.39245283018867927,0.6140000942493051,0.6999015348078838,0.0
noQ,2028,V,0.3,random,5026,0.6918844566712518,0.6324415508173549,0.6797321779824899,0.49074074074074076,0.33544303797468356,0.39849624060150374,0.6139462473724777,0.6999555676377934,0.0
noQ,2028,V,0.3,random,5027,0.6918844566712518,0.6324415508173549,0.6797321779824899,0.49074074074074076,0.33544303797468356,0.39849624060150374,0.6138122388983523,0.6999090882724753,0.0
noQ,2028,V,0.3,random,5028,0.6918844566712518,0.6324415508173549,0.6797321779824899,0.49074074074074076,0.33544303797468356,0.39849624060150374,0.6138198803555711,0.6999929307246671,0.0
noQ,2028,V,0.4,random,5026,0.6905089408528198,0.63140196036419,0.6785980291594169,0.48623853211009177,0.33544303797468356,0.3970037453183521,0.6138437960118175,0.6998690364562655,0.0
noQ,2028,V,0.4,random,5027,0.6918844566712518,0.6328519241961661,0.6796408516135698,0.49074074074074076,0.33544303797468356,0.39849624060150374,0.6143595974986756,0.6996221549805849,0.0
noQ,2028,V,0.4,random,5028,0.6918844566712518,0.6324933914332979,0.6798770545868572,0.48623853211009177,0.33544303797468356,0.3970037453183521,0.613566439263122,0.7000405298173764,0.0
noQ,2028,V,0.5,random,5026,0.6905089408528198,0.6312239054750758,0.6786712830167563,0.4818181818181818,0.33544303797468356,0.39552238805970147,0.6143403251705046,0.6997136404895117,0.0
noQ,2028,V,0.5,random,5027,0.6905089408528198,0.6314323707014157,0.6786287141366899,0.4818181818181818,0.33544303797468356,0.39552238805970147,0.6144568793272803,0.6995680905187085,0.0
noQ,2028,V,0.5,random,5028,0.6905089408528198,0.6312872120919742,0.67882446078587,0.4774774774774775,0.33544303797468356,0.3940520446096654,0.6138235971544577,0.6999572151231948,0.0
noQ,2028,TA,0.3,start,5026,0.6671251719394773,0.5750323382897861,0.63576201332805,0.5172413793103449,0.189873417721519,0.2777777777777778,0.6537902282574316,0.6600019679677446,0.0
noQ,2028,TA,0.3,middle,5026,0.640990371389271,0.5505896150172579,0.6112664801010496,0.453125,0.18354430379746836,0.26126126126126126,0.6750556718101298,0.6337370348737694,0.0
noQ,2028,TA,0.3,end,5026,0.6464924346629987,0.5595561093055696,0.6171731020295956,0.4918032786885246,0.189873417721519,0.273972602739726,0.6946683448570892,0.605162692634957,0.0
noQ,2028,TA,0.3,random,5026,0.6629986244841816,0.583765519796266,0.6369201823051998,0.5873015873015873,0.23417721518987342,0.334841628959276,0.6608548928351976,0.6337983032288346,0.0
noQ,2028,TA,0.3,random,5027,0.6423658872077029,0.5564656224076514,0.6154500872609837,0.4305555555555556,0.1962025316455696,0.26956521739130435,0.6730374303028501,0.6289392604096593,0.0
noQ,2028,TA,0.3,random,5028,0.6451169188445667,0.5635160825773992,0.6186830189614099,0.4852941176470588,0.2088607594936709,0.2920353982300885,0.6830379744159828,0.6303329178065847,0.0
noQ,2028,TV,0.3,start,5026,0.6685006877579092,0.5778277094502261,0.63803145077228,0.5254237288135594,0.1962025316455696,0.2857142857142857,0.6533996463340052,0.6590917839498139,0.0
noQ,2028,TV,0.3,middle,5026,0.6382393397524071,0.548942358335657,0.6091433479510389,0.4393939393939394,0.18354430379746836,0.25892857142857145,0.6740781473675719,0.6336890135708775,0.0
noQ,2028,TV,0.3,end,5026,0.6451169188445667,0.5599418011182716,0.6165167769990166,0.5,0.1962025316455696,0.2818181818181818,0.6953208722334415,0.601801270398158,0.0
noQ,2028,TV,0.3,random,5026,0.6629986244841816,0.5859388372121819,0.6377367214820479,0.59375,0.24050632911392406,0.34234234234234234,0.6614633556223108,0.6318459363104003,0.0
noQ,2028,TV,0.3,random,5027,0.6423658872077029,0.5582309154949064,0.6163339756126424,0.43243243243243246,0.20253164556962025,0.27586206896551724,0.6714781134182672,0.6277448994865914,0.0
noQ,2028,TV,0.3,random,5028,0.6437414030261348,0.5589825971805261,0.6151356831528332,0.49206349206349204,0.1962025316455696,0.28054298642533937,0.6804925009543686,0.6299995197650834,0.0
noQ,2028,AV,0.3,start,5026,0.6918844566712518,0.6324415508173549,0.6797321779824899,0.49074074074074076,0.33544303797468356,0.39849624060150374,0.6145778011015982,0.6997192784616545,0.0
noQ,2028,AV,0.3,middle,5026,0.6905089408528198,0.63140196036419,0.6785980291594169,0.48623853211009177,0.33544303797468356,0.3970037453183521,0.6138396247755957,0.7003413361526032,0.0
noQ,2028,AV,0.3,end,5026,0.6918844566712518,0.6325969294188293,0.6795423213716342,0.4953271028037383,0.33544303797468356,0.4,0.6146859374333197,0.700419486500447,0.0
noQ,2028,AV,0.3,random,5026,0.6918844566712518,0.6324415508173549,0.6797321779824899,0.49074074074074076,0.33544303797468356,0.39849624060150374,0.613711242140573,0.7004080549692087,0.0
noQ,2028,AV,0.3,random,5027,0.6918844566712518,0.6325969294188293,0.6795423213716342,0.4953271028037383,0.33544303797468356,0.4,0.6143850804440018,0.7004875767329086,0.0
noQ,2028,AV,0.3,random,5028,0.6918844566712518,0.6324415508173549,0.6797321779824899,0.49074074074074076,0.33544303797468356,0.39849624060150374,0.6140980609696162,0.7003375151369022,0.0
noQ,2028,TAV,0.3,start,5026,0.6685006877579092,0.5780030652698485,0.637972689918559,0.5254237288135594,0.1962025316455696,0.2857142857142857,0.653543171417038,0.6594428804315777,0.0
noQ,2028,TAV,0.3,middle,5026,0.6396148555708391,0.549672347234739,0.610225006265226,0.4461538461538462,0.18354430379746836,0.2600896860986547,0.6750996808614035,0.6342449669032815,0.0
noQ,2028,TAV,0.3,end,5026,0.6464924346629987,0.5625965723010022,0.6193805623812265,0.48484848484848486,0.20253164556962025,0.2857142857142857,0.6959935634859755,0.6032689443015649,0.0
noQ,2028,TAV,0.3,random,5026,0.6657496561210454,0.5878228140452473,0.6400029699109201,0.6129032258064516,0.24050632911392406,0.34545454545454546,0.661540003178784,0.6332575916101583,0.0
noQ,2028,TAV,0.3,random,5027,0.6451169188445667,0.5603128288743138,0.618769849893209,0.4383561643835616,0.20253164556962025,0.27705627705627706,0.6724456720104227,0.629004339633867,0.0
noQ,2028,TAV,0.3,random,5028,0.6464924346629987,0.5646062469663641,0.619579851022223,0.5,0.2088607594936709,0.29464285714285715,0.6824000530422518,0.6302179567349793,0.0
