path	size_bytes	sha256
AAAcheckpoints/README.md	636	5517b3235a6e2ad893a7782c5cabd673df63da460173788932012ce5dff6eed8
AAAdata/README.md	1380	1be9397884712a22d9597cf19c72c5b9453e3bb2e5703b8fdd76954f94860a05
AAAmodel/README.md	1119	35b4c723e3d8713fa254e588fee7b9a10dd2b7d334fdfa8e7a189ee68f6e59e4
AAA提交版代码及结果/environment.yaml	11312	0fad1e10af9e89798c09b385c8bfae96f0ea38e1ff83c74abcd2f58f6b61ef5c
AAA提交版代码及结果/模型下载与使用说明.md	1652	98a80dc609f59343b8f87140aa9a8a682dcae39c392fcfc982e2a51768c3fe1c
AAA提交版代码及结果/问题一/主要结果/典型样本_-wny0OAz3g8_5/audio_energy_vs_wordpieces.csv	3052	eef9cdf4c01a95811dc2f46a811386b9e861f3dcab5d74a5aa6eed08bbe0d94b
AAA提交版代码及结果/问题一/主要结果/典型样本_-wny0OAz3g8_5/关键帧/tok01_this_t0.300s.jpg	91966	8031859fcae15610e62ac3e845929f52cf4c145ca736807fbcdc1a2a9daf00f0
AAA提交版代码及结果/问题一/主要结果/典型样本_-wny0OAz3g8_5/关键帧/tok09_racial_t1.845s.jpg	144292	17d6f21095b38473fb1c61ddfc23253fc85bbcfb5999be73a4704cb8bd7da1a0
AAA提交版代码及结果/问题一/主要结果/典型样本_-wny0OAz3g8_5/关键帧/tok10_formation_t2.245s.jpg	145366	a7bb6b88250658a11c227818780c6ff372cc0cea7f7e96d071b7414c6de3fc61
AAA提交版代码及结果/问题一/主要结果/典型样本_-wny0OAz3g8_5/关键帧/tok15_formal_t3.645s.jpg	145116	85be8e46da6bfd40372539257ea3d5e8a59ed6115e1839bba6b97624e1a5b3b7
AAA提交版代码及结果/问题一/主要结果/典型样本_-wny0OAz3g8_5/关键帧/tok16_HASHized_t3.645s.jpg	145116	85be8e46da6bfd40372539257ea3d5e8a59ed6115e1839bba6b97624e1a5b3b7
AAA提交版代码及结果/问题一/主要结果/典型样本_-wny0OAz3g8_5/关键帧/tok19_sociologist_t4.640s.jpg	144125	4e9492a5a9344624aeac7e3622f377f70787c99fff5a7f11be2436ddf21c51d1
AAA提交版代码及结果/问题一/主要结果/典型样本_-wny0OAz3g8_5/方法A_词元时间对应.csv	584	68cf9087d39b2929d1d5954e2731255cfb0a8af2102e3419ce7866ca51bcf5be
AAA提交版代码及结果/问题一/主要结果/典型样本_-wny0OAz3g8_5/方法B_词级时间对应.csv	1203	30c5630644116d0b53ce54450c19b126b971cf13c4a57cdb827abd50a4481967
AAA提交版代码及结果/问题一/主要结果/方法A/audio_features.npz	425628	1aa83aef08a08ff8d34cfb414adbb0c3847fe84909db3e4ca124bdc0dea69f13
AAA提交版代码及结果/问题一/主要结果/方法A/masks.npz	5626	f72661c05990dbea0724a65b008ffa1ea72507b0153a5626d669a1a574a4a485
AAA提交版代码及结果/问题一/主要结果/方法A/text_features.npz	7035297	517feb1e2c7f5386fe45aea0b23f66d4f28a8bbae65eef5ba093489029f09948
AAA提交版代码及结果/问题一/主要结果/方法A/vision_features.npz	126015	16e811e8e012a29f9d1290b0660258bf1e7106819a09c0e9938977d3af09682d
AAA提交版代码及结果/问题一/主要结果/方法A/全量100样本汇总_方法A.csv	18771	07d851d823db87cc363099f07cf66c1ee301ea144dcc0b5afc96c17af12c0b1d
AAA提交版代码及结果/问题一/主要结果/方法B/audio_features.npz	431177	b3e503249846c6445e86d5a543b61a3959dfdf84838b644107fd947ec0d33936
AAA提交版代码及结果/问题一/主要结果/方法B/masks.npz	3928	78ac01df8582b4a62aff4644bceaaa9c3a43c33dcb5c5c2c927dbbf22963b3a7
AAA提交版代码及结果/问题一/主要结果/方法B/text_features.npz	5275180	748138522217506dda829b1c1d75a611f3698dbd75e2b7543c97975f2ab1f6a3
AAA提交版代码及结果/问题一/主要结果/方法B/vision_features.npz	125961	ca389a8c8eb82af75e526f0b301da98c95c24a4ac860e2f842d3d5c2c483a877
AAA提交版代码及结果/问题一/主要结果/方法B/全量100样本汇总_方法B.csv	16957	230f43f505bb7c12cf73a1676ee57f4d7aef70de580a5936aff882efae267d92
AAA提交版代码及结果/问题一/主要结果/特征文件说明.md	729	e8f19faa28d21d084c708a9fac94df3b5431915d4e806f1ce65917492ca2d4dd
AAA提交版代码及结果/问题一/代码/common.py	29072	9e7fa8da6a8b9a4c0374119660ca3f229bd12652416b62798fefe1b326c0ed32
AAA提交版代码及结果/问题一/代码/config_a.json	1176	acdcf25641bea455e371eab57ce65e286fc2d2aa0b9d33292e4a47d13924e657
AAA提交版代码及结果/问题一/代码/config_b.json	1091	18635ca2818db317995b6effa2a56ffda36c7dfa978740e571fce365807ef6cd
AAA提交版代码及结果/问题一/代码/method_a.py	10501	894b2dcde2c86156655edb17e25f1acc6187afc156cb3d380344c6442afbcd1c
AAA提交版代码及结果/问题一/代码/method_b.py	7996	4be7ad70e91fa7ddb916c40b783b7ab437f8bce3f69c54898dc5165e77e91f0f
AAA提交版代码及结果/问题一/运行说明.md	1489	7786f6402d5fcd6611a3cca8809ee775c4436fd9f0c60b778a4aea62e64fbd4c
AAA提交版代码及结果/问题三/主要结果/对齐版本_附件4_预测与解释结果.csv	4510	d212efe0721b0b508f5f606d57625976a1f7bfa0b500ada32646a9671ceb556c
AAA提交版代码及结果/问题三/主要结果/未对齐版本_附件4_预测与解释结果.csv	4566	26c25c8a0159f28066ceb029c78e80ef5dc50fcfa5e2ab42cc461024f8ea8b15
AAA提交版代码及结果/问题三/代码/aligned.py	13546	1feca2ad088db1415f88b876bde9964bfd99837a7c55c3e81869b65d12cfa4b9
AAA提交版代码及结果/问题三/代码/config_aligned.json	387	3a76d0342d711fb3a09d6d070017f6ea7e045dc2d91a4b99d2ce5c68f9dd5859
AAA提交版代码及结果/问题三/代码/config_unaligned.json	418	b333ced1dabff7e501225e965f1854650e543f6bbf0b4af09714819bdac38bad
AAA提交版代码及结果/问题三/代码/preprocess_aligned.py	2983	dc661070dcdbbc59a3f39505b0858d830a9bedf537f9e0142f0d13b7e88577a3
AAA提交版代码及结果/问题三/代码/preprocess_unaligned.py	3794	26d55a9b3a5ddeaf1c425048161c3d72e889723b939555195960d7dde57a384d
AAA提交版代码及结果/问题三/代码/q3_utils.py	5235	1412ac4cf8885d6dd618543345d4ee6bbd83ff00262d0b37be678b5db55e9283
AAA提交版代码及结果/问题三/代码/unaligned.py	16579	1af789b59d3dfb4ae140646ace61f2f95d366924eab50e13b43e45f949d7c442
AAA提交版代码及结果/问题三/运行说明.md	1548	39c012b538bf13cb6a5d2ce0c426764edbb46b5df9370a865154cb516063d4ad
AAA提交版代码及结果/问题二/主要结果/对齐版本_附件3_预测结果.csv	1175	9b8cec9e56a5b1e79b40df21e8416d794a071c48848ec77889800b073cd75fb0
AAA提交版代码及结果/问题二/主要结果/未对齐版本_附件3_预测结果.csv	2149	0909792df5a246d1c486666941d72e39c7349ee6345e6cf27f6cf3b8af37fd84
AAA提交版代码及结果/问题二/代码/aligned.py	20715	12dcebb19ff83b81348a930afcda9fd246cc18270db757d7852ed4ceb1bdaec0
AAA提交版代码及结果/问题二/代码/config_aligned.json	833	663c4e46e4ec0d2cd4bc708f0975742bdd853b342a2f558f0e9aadc4baacb5bd
AAA提交版代码及结果/问题二/代码/config_unaligned.json	832	250342e03cae9d0ecc791a4820b69b793e4336d989fbb1099c011a098675ea35
AAA提交版代码及结果/问题二/代码/q2_utils.py	5235	1412ac4cf8885d6dd618543345d4ee6bbd83ff00262d0b37be678b5db55e9283
AAA提交版代码及结果/问题二/代码/unaligned.py	25690	2b80e661e5c640b1d157821f20fffe277711afda1e658537e109c30640477f87
AAA提交版代码及结果/问题二/运行说明.md	2730	d2f064eb32661f7d826e2ef10620658a724b29695ffcab974d09df332bbd26e7
archives/20260925_float64/evaluate_test.py	2567	ecd6ca9f76f5fd87a8b30cf500b2b8c03698189015d972b33b7421804cadc0e5
archives/20260925_float64/precision_experiment.py	4068	2352c3ccd60f50ccc4e8834cd5614338bc1cbca5efeada282685dfb54f455c67
archives/20260925_float64/README.md	185	db6bee82ee6c026beefa30cb338100c0abcad50b0c8ea23e97b34d76cab5aa82
archives/20260925_problem2_before_bert_adoption/configs/problem2_aligned.json	654	824dc4d3758d23ab362c3ab4b320e2226f9d100de2de9f56fb5886d51463a18d
archives/20260925_problem2_before_bert_adoption/configs/problem2_bert_finetune.json	1018	0b9bb57771cd79841648fb4ccb4fa5ee7778fbb4aa2a9bcf3de9d4905af03410
archives/20260925_problem2_before_bert_adoption/problem2/README.md	6171	c8480c0f2e3c822e6f9d0758c961c3242130e3d47a13e715f3872a45ca1c9806
archives/20260925_problem2_before_bert_adoption/problem2/当前实验结果.md	3116	21b0526de8718a5624ec87846feac802b0da522320849ae53f103817428555ed
archives/20260925_problem2_before_bert_adoption/problem2/问题二建模思路说明.md	12788	c678d07f7cbd6e75cc03f7c4c77bc419cdd9c48ce095bc6da13e0b2c80665466
archives/20260925_problem2_before_bert_adoption/README.md	300	885c4defa562ed9619991f2a86d415d0a2692f3f9ec04626a4ef704f87541510
archives/20260925_problem2_before_f1_adoption/configs/problem2_aligned.json	1344	af7d7dc12f7a1af985d7309a258ad37d201ce736328670f454c5cf2e11a476fa
archives/20260925_problem2_before_f1_adoption/configs/problem2_bert_finetune.json	1344	af7d7dc12f7a1af985d7309a258ad37d201ce736328670f454c5cf2e11a476fa
archives/20260925_problem2_before_f1_adoption/problem2/F3方案对照说明.md	6691	669fd3885aa6d76bb32d4b58a02116560b0cc302be113889907bbae70325590c
archives/20260925_problem2_before_f1_adoption/problem2/README.md	3087	c12e406095b172202080d5e702343eb6edd89eabb5a4358fd167be21b3773404
archives/20260925_problem2_before_f1_adoption/problem2/当前实验结果.md	2499	ea17143b38b3470d31bf6f84a667c47cb25ca5d0c517d7826801caef1cf688ab
archives/20260925_problem2_before_f1_adoption/problem2/运行说明.md	13639	48b114d004b03f5f12056bd7caa34acbbc4b55bbf4222a825156faecb88e0a82
archives/20260925_problem2_before_f1_adoption/problem2/问题二建模思路说明.md	13715	04423e4e70ef3f0aa5e5e82ef7ee3545ecb23e5d0cdb925dc040f3d401c7a3ec
archives/20260925_problem2_before_f1_adoption/README.md	229	6baa5485ffafda9f3d32e05fb6bd8efa5c6fa84f3ce8210aff1ed71e62fdaa5d
archives/20260925_problem2_f1_cleanup/configs/precision_five_seeds.json	615	75f2e423050334069f5a78bac2b01645df0e85f0b1ab95321af6e2c469df0632
archives/20260925_problem2_f1_cleanup/problem2/F3方案对照说明.md	7000	07c19eeee12e4035f1670c5f44003692cf7398ed309966e98f14be3c556e4173
archives/20260925_problem2_f1_cleanup/problem2/float64精度对照结果.md	4096	fced022b4f33ab0005b9eed43ac014b1b410920b5ff04e054cde98cd27576a27
archives/20260925_problem2_f1_cleanup/problem2/model.py	11422	7ff5716a6b1636874d4df7142f3ed16ee31d428c5187901f92932405357698c1
archives/20260925_problem2_f1_cleanup/problem2/model_f3.py	9802	57453398e75734881f7f5747fa046659b0161e9c30d740e5448fc5acbeb9fbaf
archives/20260925_problem2_f1_cleanup/problem2/problem2.py	5368	962838f82ce603e98593b6d9a91f275b35fe51be47b78def9fe4cd2707385e68
archives/20260925_problem2_f1_cleanup/problem2/README.md	3667	7473d6e937723816eae2e7c9a65f3639179cce061ee7bff23ff025792b8c6dc9
archives/20260925_problem2_f1_cleanup/problem2/runtime.py	464	ba8372edd1c3b432b274630fdf25dbd01beabe1fdbfd5744155fdb3b5622c0a9
archives/20260925_problem2_f1_cleanup/problem2/seed_experiment.py	10639	e90f303230261f14ba7742e4172ee034fc3b10174100290b7200cda23aa2784d
archives/20260925_problem2_f1_cleanup/problem2/五随机种子实验结果.md	1714	42e850b1c487f3ad42067980067e500e755ebef6afcd690fedd49a26918f89a2
archives/20260925_problem2_f1_cleanup/problem2/当前实验结果.md	3219	e17dee84d2c338cb7ad2045ae69aa03136350a22da9e9d099f27973307cc6c66
archives/20260925_problem2_f1_cleanup/problem2/运行说明.md	13692	03b1a04b71d3aa0dec806c733cf9c818f7ca0a7e4967a3eee1a69545491b6f54
archives/20260925_problem2_f1_cleanup/problem2/问题二建模思路说明.md	7464	16519eeb7da328e686fa0112e614edfa9cf8e39b9966c05d60cc1b8a0775343e
archives/20260925_problem2_f1_cleanup/README.md	6503	f95e2026e9465fe6df8dde11d82d68d72e31427292f00ce3a18d5db3ce844c5b
archives/20260925_problem2_f1_cleanup/tests/test_aligned_pipeline.py	10007	0d4a74653d4c7cfa16c19ecd0c55f844babd4675f8c790af5d162f6350b2980b
archives/20260925_problem2_f1_cleanup/tests/test_bert_finetune.py	3772	95d719d771c1f535c85cdbc7d348b92e14f7c41ff02a8c7bc81040c11667fb57
archives/20260925_problem2_f1_cleanup/tests/test_f3_model.py	5154	b7c59d01d109d2782dcc417a5ae333801eb2b2ed12913049557342ed83ca0e8c
archives/20260925_problem2_f1_cleanup/verification.json	293	40c75dab66d4f1a8cf71e4ab74cd817f813236792b907ce512d404320f2324d4
archives/20260925_problem2_legacy/configs/final.json	2275	7e0bd41d0314be767f8f3b0f76c886d96590b255c89d33813436425801c42517
archives/20260925_problem2_legacy/configs/precomputed_deberta.json	2343	7deb74bd2e07323dac30c2e68bfc673437ce805e057f902fb0c22ea140d5aa5d
archives/20260925_problem2_legacy/configs/precomputed_main.json	2309	81a235331bb504cd0ecc82cd47b4715f9577cefcd2aa0345bd10e9cfb8f5b42d
archives/20260925_problem2_legacy/configs/precomputed_sentiment.json	2329	aa83b03ffa689576f84fb222813ae27d3d0afe59b326b9b3bd2ac64dd9e970a2
archives/20260925_problem2_legacy/configs/problem2_robust.json	2349	85b7ec1acd0183e58d1a126dbf9dfa89f3e8b8d97926a0e19a9a0e63dbffacc9
archives/20260925_problem2_legacy/configs/robust_main.json	2293	db5291f263827b138c360a69cccfc260fce501ee88d7afa0096dfca9d1963c61
archives/20260925_problem2_legacy/configs/robust_no_completion.json	2320	1bddae16d6426ee77378504ede2289e2316545d1b462784de1bebae8f2055b03
archives/20260925_problem2_legacy/configs/robust_no_reliability.json	2323	b67d86f35a3b93fb6bc37cd3cb9f375b8c2dc59c7364f4b840c293e61fa12da9
archives/20260925_problem2_legacy/problem2/__init__.py	59	d747ccbeb049b1558f96e31b955560abeeb537c1c9e1487be5fbbb8d3adead78
archives/20260925_problem2_legacy/problem2/adapters.py	1359	060df4a927562b3843f241e5348af97f5f3a03f4eaa6f788b9e52b1e59033c51
archives/20260925_problem2_legacy/problem2/averaging.py	1287	b1d85b60ae17383934f54296d787cb22275365da95a5277132ea18d74d99da02
archives/20260925_problem2_legacy/problem2/completion.py	951	02aa12201449bcc3c2950db71f3742c5ec8e20798c08cf0a05eb92b8d096b8b1
archives/20260925_problem2_legacy/problem2/convert_npz_dataset.py	2930	5984df5a908ed594aee52eed1266691d3d5e7cbc79d28355511159542436b5cd
archives/20260925_problem2_legacy/problem2/eval_precomputed_test.py	1003	9ae1cc817d227d7cc7d9de89799451c38c44213991b00947115b896a85bd7cd9
archives/20260925_problem2_legacy/problem2/evaluation.py	2911	946e36dd5e10b6aaa1e2bb518e667dfc39d1d508e54942540a31332773a592ea
archives/20260925_problem2_legacy/problem2/heads.py	3729	c6a5607e82a02da594d092342311f121e77213da5dbf6e398afe66d2610718a9
archives/20260925_problem2_legacy/problem2/inference.py	4223	29c59b61a25d02907b4d2b4747de404da87097318008150eee9600752b0c89b5
archives/20260925_problem2_legacy/problem2/local_evaluation.py	4093	71a601ce326952195c15aa17c836cd7bc87ebbda37cde26e35cb9e0555901605
archives/20260925_problem2_legacy/problem2/local_missing_report_tables.py	7949	fad802cddb8aa8d1f6543f94c1805c0ea1771346e0ccc115b857537ae66d9b0a
archives/20260925_problem2_legacy/problem2/local_missingness.py	2499	d86db047274ba3758be1c97d480faab1a19238adebcea9b072c38e6ba02638e5
archives/20260925_problem2_legacy/problem2/local_report.py	5266	38a7533ec6817146b6dd24e7efb8c4dc14b9b1c7050d5d471d4637db45e296f4
archives/20260925_problem2_legacy/problem2/losses.py	4175	ca278bd2eedbd64c456c2bed2bef5dbd7fd07039cf295ecd21ef3b0e3d508e48
archives/20260925_problem2_legacy/problem2/model.py	6952	e0b8b85dc1da8505f186ad72f2f90ca9f0ffe2856b62c05a0c3966e5237ef272
archives/20260925_problem2_legacy/problem2/output_contract.py	970	4426ec68abd018717ca9bb332798943f1a97232e1d72d2fb47394cb2b948bb32
archives/20260925_problem2_legacy/problem2/package_submission.py	4345	e7c06070b4f992e4970800568f3b527e8a66b8f049d091ecd05e5b47709844b4
archives/20260925_problem2_legacy/problem2/plot_delta_sweep.py	2449	4e56afb47fba1cd766c1a320d4341f20c514cdbf03207a04b289d77624b8046d
archives/20260925_problem2_legacy/problem2/problem2.py	1981	341a0940d815ad9b78224a549b852b6df5eb8b6e420dafa04ca19998b804af92
archives/20260925_problem2_legacy/problem2/README.md	4961	2173474c421521f9b3100f2758e5ff0b71fd0cafa8cc2f628baec9c6c3277604
archives/20260925_problem2_legacy/problem2/runtime.py	2551	af8e40dd50925d9e09d9e1290d773710aa88253986d8b1b2baf746cde5ce3981
archives/20260925_problem2_legacy/problem2/sentiment_encoder.py	2803	29d07eaade555f144514aafaaa1922e0133d189e1f9fcb462b5d31c781a9bce5
archives/20260925_problem2_legacy/problem2/temporal.py	1138	1f56eb68cfff3f13fc85b8be6fff05bd7f94e9d7898aff8d981753f3607e0ba2
archives/20260925_problem2_legacy/problem2/text_encoder.py	4353	c0bd14906a6a34bc044e0e6b22f21d0e002f6b01534ef64309769497911332f1
archives/20260925_problem2_legacy/problem2/training.py	7193	40c5c9ccbc833ae37e918e714526b50ddb6453aa1cc8a329a13ac3a3e98be556
archives/20260925_problem2_legacy/problem2/training_step.py	1157	161cc3da09f4954e655084ff275c92376396dfca69f73e3b169c8b477e7fdf63
archives/20260925_problem2_legacy/problem2/validation.py	6865	f472bba4b6ba22154fc85fac292aa68b73c3c289bc6b6caae8e4560cb27ac2cf
archives/20260925_problem2_legacy/problem2/verify_finding1.py	2221	089bf702b0e8985f181bf20363d63044999a138861686897c0cf948691b380bf
archives/20260925_problem2_legacy/problem2/verify_results.py	2346	958b177b8e3144878ed89cbe9ddb15c2313135275e7c2c3e46161c52594cb97b
archives/20260925_problem2_legacy/problem2/verify_submission.py	3978	5ad40275d72419dc0c77a032e3b5a2ef8efe9727c9f974d50d7fd91fdafb40f1
archives/20260925_problem2_legacy/problem2/五轮优化记录.md	6638	36b4c22a5d11d26d0789cb455df55ad7f19e337c6ad609fe5e019ca39b00cca8
archives/20260925_problem2_legacy/problem2/优化空间分析与75%路径.md	9554	83772dddd485fb3ae728f59cbb4addadc94bd03515f2091a7d8a954bdb61d4f0
archives/20260925_problem2_legacy/problem2/全局融合优化记录.md	6879	bf2fe73e13a8d6ec44728b89418dc3e99569a06161ba327b996ce59053dbf54d
archives/20260925_problem2_legacy/problem2/参考仓库对照分析.md	7769	7294b45f2a753d98bd7b90a70b7bcdce967d13160b7d00fdb9850f4de5558375
archives/20260925_problem2_legacy/problem2/局部缺失建模与题意核对.md	14041	f2cda63f10e76dd17e81f2cdf21b79014f614431543b4849a2c260de30e8a993
archives/20260925_problem2_legacy/problem2/模型方法与公式推导.md	15407	ae83a923b89cc86ac1a5659acbc5b6450ae68f7dad4687289531d8d9906cd238
archives/20260925_problem2_legacy/problem2/级联试验记录.md	9345	72cce7029022115e189be0db80bde1d5f0cd0918e24304f263bb374cef223295
archives/20260925_problem2_legacy/problem2/问题二建模思路说明.md	23165	455457b3505d8378986ba514bc5ac726c26e2a21b2f709e99bb25414bbfd6397
archives/20260925_problem2_legacy/README.md	344	7a3fca8b1d9911c1c4f18c23913d5e8d7e2a7e6c62fd7411ed23882d3a81091b
archives/20260925_problem2_legacy/tests/test_boundary_objectives.py	1259	8eacfb97e05901cb09f1665f5598a4ef1fdea07ebe248713fa0a60e4ca7b88cf
archives/20260925_problem2_legacy/tests/test_context_fusion.py	341	2ee84c8981b36af678a734592bc6d5caf1d7ae8e828a704ef3b59d709419bcd7
archives/20260925_problem2_legacy/tests/test_model_contracts.py	4450	a1b74fafaa51696e58bb1e668d74b8def498f1104ef99e5269f953a50ecc7553
archives/20260925_problem2_legacy/tests/test_optimization.py	1860	b17a44e3c67e51addc3c32357e46cfac51e0122c98441208573cc6a165eaf007
archives/20260925_problem2_legacy/tests/test_output_contract.py	1408	d208a79688eca5be42a3edeadd8fb1a7b0c854538de5f2441693bf5cde7db163
archives/20260925_problem2_legacy/tests/test_sentiment_prior.py	2507	22733463500fb78f3452f19b15c8511e45e8acf50ae1a6e44232c8d1d51b4fdd
archives/20260925_problem2_legacy/tests/test_text_adaptation.py	1528	05d09a5f90bc3e596410df05f914dfde2db900ee1aa15ec919a4bc7ade178802
archives/20260925_problem2_legacy/tests/test_training_regularizers.py	1585	13713c98d6f2f1026c457fa465c9a5b474f549323c221762441b6de83e60dbef
archives/20260925_problem2_legacy/tests/test_triple_head.py	1034	e9c49df8c877490958858c7b5222e6760fe24e78339507f633e7b1af6dbba016
archives/20260926_retrain_v2_copy_before_figure_redesign_153738/__init__.py	59	d747ccbeb049b1558f96e31b955560abeeb537c1c9e1487be5fbbb8d3adead78
archives/20260926_retrain_v2_copy_before_figure_redesign_153738/ablation.py	11772	9d5c96c17a661347b2bde5253d63a1036f7464527d2710e19176b036d077a768
archives/20260926_retrain_v2_copy_before_figure_redesign_153738/ablation_analysis.py	11240	2ac28165643a502f718e6e64ba14421567dd4fcf0d0b207ffa744631c7a8319a
archives/20260926_retrain_v2_copy_before_figure_redesign_153738/ablation_plots.py	11736	8d2e5f15978fe99ac8bbd808a86d1fe6b26853544d930a235bab0b0ad1207384
archives/20260926_retrain_v2_copy_before_figure_redesign_153738/data.py	9953	8661f2c9a172a16aea2e394344d44ff656275d42b76a2ad9d5121db9b15e9147
archives/20260926_retrain_v2_copy_before_figure_redesign_153738/evaluation.py	2035	83436ea4dc5b77b37eb41e96b330c9834fcd71b3e532bd17861d7a297a0b1e44
archives/20260926_retrain_v2_copy_before_figure_redesign_153738/experiments.py	20355	7d01575ff4f5782f3a04acad47c5f98d67f8a49a8012268f1377c77393e4e864
archives/20260926_retrain_v2_copy_before_figure_redesign_153738/inference.py	14330	3d1172f5529fefb9b422361f53089f5b8b3d860cddf8e427d60dd537b330bc5a
archives/20260926_retrain_v2_copy_before_figure_redesign_153738/local_missingness.py	4587	cf9c6e54772702ecf15d5b4b782e172b587ddc604202a90b72ddf4fdce05fefc
archives/20260926_retrain_v2_copy_before_figure_redesign_153738/model.py	22809	1a5114e744a764437bf455db15b172e160f9c5936f6678d162d91c8e32ba0dc6
archives/20260926_retrain_v2_copy_before_figure_redesign_153738/output_contract.py	768	f1b1e0d9794a3ab60df3da0db971eafcad81110c56b0d37b2f9f67b1982461e6
archives/20260926_retrain_v2_copy_before_figure_redesign_153738/problem2.py	3020	ab17f5f05700ddefcc1a7a217a93cdaa734e66e4106da041d9084df371ba98e6
archives/20260926_retrain_v2_copy_before_figure_redesign_153738/README.md	668	4a6e39d3ccf41ba11fecf33e0680f307558ad0c31574022e0f0e534e7551bdde
archives/20260926_retrain_v2_copy_before_figure_redesign_153738/RETRAIN_README.md	2815	98e5d178495816f2da337161b71cf18231bb03b31a03ee20e1119ff7b9e14f41
archives/20260926_retrain_v2_copy_before_figure_redesign_153738/run_test252.py	6237	994d94e5dce818b0f477640a34db59905d27cefb7f295ae37ee9da7bb35cab65
archives/20260926_retrain_v2_copy_before_figure_redesign_153738/run_test252_mean10.py	11601	c460aa67511b32cefcdf33822451bf9d9c7ad4c0411dc1e0ebcba612e20f0f5a
archives/20260926_retrain_v2_copy_before_figure_redesign_153738/run_test252_mean3.py	10427	1075f587163d6ca083df574b4b61b35dffafa5424d44068aef88e7ce619d904b
archives/20260926_retrain_v2_copy_before_figure_redesign_153738/superseded_design/绘图协议.json	814	730b1a415207cbd81f7854306165bf4ce2ee53705d4b9831c1b4a6066f77b135
archives/20260926_retrain_v2_copy_before_figure_redesign_153738/superseded_design/论文图表设计与图注.md	19985	49561b54d5b621f981d9ed02875ffbd3668c3b25c664b3f8730b7d8dd3fcc615
archives/20260926_retrain_v2_copy_before_figure_redesign_153738/training.py	9761	4df4b0479f58f291955edfdb040de622c3762eef7d2a1964b22b4232ef95d96a
archives/20260926_retrain_v2_copy_before_figure_redesign_153738/中性识别改进方案.md	24792	78d8d8628f7624319eed4956f72703d4c272380a644d629f62fc73b402775183
archives/20260926_retrain_v2_copy_before_figure_redesign_153738/当前实验结果.md	3541	af280f39b7d18fcff49b52caddf703983b9286022a5007c4a339bd99f95eb5e3
archives/20260926_retrain_v2_copy_before_figure_redesign_153738/未对齐数据软注意力方案.md	1819	4c6c16b7f263019da59d8796790a00d42b1d3f151e462fdb5a0410efd5f4bc6a
archives/20260926_retrain_v2_copy_before_figure_redesign_153738/模型建立_对齐版.md	10004	61989f9851d56d218b114dbc68add4a4fc597fa3cf310f4067669d6c14327718
archives/20260926_retrain_v2_copy_before_figure_redesign_153738/模型建立_未对齐版.md	11021	937892a2e89bb71a58532ac0879cca2b0dab43090e3f8692f0d414679973f657
archives/20260926_retrain_v2_copy_before_figure_redesign_153738/消融实验说明.md	2098	3b11d0dcf04d84f9df8eea96ae466c42cc44db9a885b629e152fdb82da4a0e30
archives/20260926_retrain_v2_copy_before_figure_redesign_153738/运行说明.md	13692	e3e2648f6f213f52d44b2493ec8911c850651f387405d3756e3ad12400974ab1
archives/20260926_retrain_v2_copy_before_figure_redesign_153738/问题二建模思路说明.md	7794	42d3dba6055efef865ebd797720d82fda85791e369d326fafcaceb7876d62f8c
archives/20260926_sensitivity_extended_report/超参敏感性实验.py	7911	841cc15dd943b712589a0b4a2f32529a09b8d6afa5bd433c2b61d097f115ecca
archives/20260926_sensitivity_extended_report/超参敏感性绘图.py	16795	33b5ecd81289bc295f59f5c77b5a09298e0d358e214bcb2583a321d83e723d70
archives/20260926_sensitivity_extended_report/超参数敏感性分析.md	15417	d84a65aa0eed02bc7f39d60ab07b88ef073364feefcab7adfd99eb7a74b83c0a
archives/20260926_sensitivity_multiseed_interrupted/aligned/balance_beta_0.125_seed2027/config.json	1861	2c4f3cc2007a65027ef033a08f5af5ccea5045c705013deb45665f7f7a0ada41
archives/20260926_sensitivity_multiseed_interrupted/aligned/balance_beta_0.125_seed2027/initial_validation.json	716	8eb78a032a9dabef3895bc1002a79bef6c96506afe383e60f28dfb14874d0989
archives/20260926_sensitivity_multiseed_interrupted/aligned/balance_beta_0.125_seed2028/config.json	1861	e23f92728bf96df7c41f1132fa5a01aa1b5d7aea9d65ead7819710edaabbf38c
archives/20260926_sensitivity_multiseed_interrupted/aligned/balance_beta_0.125_seed2028/initial_validation.json	701	70418cdf9a4b23f9073e0847b83f16fb53f13ce3f54a5ecfd0db95990ea3fb6f
archives/20260926_sensitivity_multiseed_interrupted/aligned/balance_beta_0_seed2027/config.json	1847	11e1a08b5f1e4c09583de46d9112a43a464d812a908098633fce7775b8261e2f
archives/20260926_sensitivity_multiseed_interrupted/aligned/balance_beta_0_seed2027/history.json	10370	a64e65454be0f46eb94ff67f177f9ea51f72906af17ea23b0cba9c92b82a8394
archives/20260926_sensitivity_multiseed_interrupted/aligned/balance_beta_0_seed2027/initial_validation.json	716	8eb78a032a9dabef3895bc1002a79bef6c96506afe383e60f28dfb14874d0989
archives/20260926_sensitivity_multiseed_interrupted/aligned/balance_beta_0_seed2027/summary.json	1586	aee282de067da13a985b6d44891ad8d4ed512d7364c76389268e634e1425295c
archives/20260926_sensitivity_multiseed_interrupted/aligned/balance_beta_0_seed2027/valid_full.csv	49249	09bb120cc8e488780254438c5e2fe9422646a61e400fded117321fd5f9c7e556
archives/20260926_sensitivity_multiseed_interrupted/aligned/balance_beta_0_seed2027/valid_local30.csv	49761	5ca44baf4ea0640ba3d75f4fc78c7e344520fcccda8a4799d377f56f600f13f9
archives/20260926_sensitivity_multiseed_interrupted/aligned/balance_beta_0_seed2028/config.json	1847	82d2988651b8e6ca8b6fbcc30543405a01db173d87dcc83539a1349111e71ac3
archives/20260926_sensitivity_multiseed_interrupted/aligned/balance_beta_0_seed2028/history.json	9089	35140a109beaffe72d11d3930292cd0dd55daefa4344ed630ac450a8eeafc285
archives/20260926_sensitivity_multiseed_interrupted/aligned/balance_beta_0_seed2028/initial_validation.json	701	70418cdf9a4b23f9073e0847b83f16fb53f13ce3f54a5ecfd0db95990ea3fb6f
archives/20260926_sensitivity_multiseed_interrupted/aligned/balance_beta_0_seed2028/summary.json	1584	57130a0a3eae14fb1a4b0db9afe0d83723a046cd436cd18e2f6854890bde7599
archives/20260926_sensitivity_multiseed_interrupted/aligned/balance_beta_0_seed2028/valid_full.csv	49559	a5573fdb3f2e33eec59c284e253901290c71f0b28e2ea1a36b94bbc7104dd43f
archives/20260926_sensitivity_multiseed_interrupted/aligned/balance_beta_0_seed2028/valid_local30.csv	50365	359cf0a3ec6ca087752b5803ef709b304573e5ca09ee956db3943059585aea60
archives/20260926_sensitivity_multiseed_interrupted/aligned/balance_beta_0_seed2035/config.json	1847	20433f7b17d3b16319b378e4a5d28939aee66f8e8eaa1a0a833a93566539a23c
archives/20260926_sensitivity_multiseed_interrupted/aligned/balance_beta_0_seed2035/history.json	7813	7ff4c0191b70b11f90b1eebeafc42354341e009ddf644d035a25731581d102f0
archives/20260926_sensitivity_multiseed_interrupted/aligned/balance_beta_0_seed2035/initial_validation.json	719	8aad0c36d01886e6408fdefd587234e9d35e90ae5ea985d4a124d5151f6c0518
archives/20260926_sensitivity_multiseed_interrupted/aligned/balance_beta_0_seed2035/summary.json	1598	f4192b650ab12341cae97392e71da47570487a705fceeda80e936dba81b06841
archives/20260926_sensitivity_multiseed_interrupted/aligned/balance_beta_0_seed2035/valid_full.csv	49808	6469c99e0924ff40abda2be2752f1411f5139f806662debd53051825cdf56648
archives/20260926_sensitivity_multiseed_interrupted/aligned/balance_beta_0_seed2035/valid_local30.csv	50350	01bc330223ceaa6a424b4c601f74f2b2f1585b2a859baf403e37be27895a2330
archives/20260926_sensitivity_multiseed_interrupted/aligned/baseline_seed2027/config.json	1830	810b3037f1f9a38a1b465f024baf38a687a6e9bc6061c3c9ba91697a763d6eb3
archives/20260926_sensitivity_multiseed_interrupted/aligned/baseline_seed2027/history.json	10739	b09a36c8e8faa2cde893e4f2ba0b5323c03ddde1f97360ea2346eba10516f275
archives/20260926_sensitivity_multiseed_interrupted/aligned/baseline_seed2027/initial_validation.json	716	8eb78a032a9dabef3895bc1002a79bef6c96506afe383e60f28dfb14874d0989
archives/20260926_sensitivity_multiseed_interrupted/aligned/baseline_seed2027/summary.json	1616	7085ecb4630e5c8bf1d210567420d0f2da69abd2b24e99c7b6bf83f86b1254ca
archives/20260926_sensitivity_multiseed_interrupted/aligned/baseline_seed2027/valid_full.csv	48966	7f321427f409fe20e678bcdfcd2dad4a25fe8f6fde729dec0cc574fc7d343f00
archives/20260926_sensitivity_multiseed_interrupted/aligned/baseline_seed2027/valid_local30.csv	49569	5b415b999919ce0fc937fd8b994f1a75b1c4ed657f6f6a74ce1199bd76ebab38
archives/20260926_sensitivity_multiseed_interrupted/aligned/baseline_seed2028/config.json	1830	d3f9c2efd4d33f8705cbb6e08b840f1ea9828fbef3b91ff3a0753cf76fa85b59
archives/20260926_sensitivity_multiseed_interrupted/aligned/baseline_seed2028/history.json	9374	783994d42d0b5b48e0c9bd58bec37ccf357aa82d66c66785f0ecc1f825a68df7
archives/20260926_sensitivity_multiseed_interrupted/aligned/baseline_seed2028/initial_validation.json	701	70418cdf9a4b23f9073e0847b83f16fb53f13ce3f54a5ecfd0db95990ea3fb6f
archives/20260926_sensitivity_multiseed_interrupted/aligned/baseline_seed2028/summary.json	1590	7d57c7cb7618d0218c4c1e6259c887a78d9b1f4c5221f11ecd4972b1018b9975
archives/20260926_sensitivity_multiseed_interrupted/aligned/baseline_seed2028/valid_full.csv	49172	d12aa99f3b9f1b0f61ed9f54b62ad8b852913e811bdd303de9ebb5aea1237723
archives/20260926_sensitivity_multiseed_interrupted/aligned/baseline_seed2028/valid_local30.csv	50039	e71f0d89679f2142f14918f9d8046f8a811ac3f5e97bb761433deaa408721c1f
archives/20260926_sensitivity_multiseed_interrupted/aligned/baseline_seed2035/config.json	1830	fdb632eafaf097cc34abec5d3d8a102294fc4fe54969bb48ea35b47bf08ac9a2
archives/20260926_sensitivity_multiseed_interrupted/aligned/baseline_seed2035/history.json	9377	a8dc07febe6b7f838027f779fc47d2687c78c0e93445aaf64e563987766276f1
archives/20260926_sensitivity_multiseed_interrupted/aligned/baseline_seed2035/initial_validation.json	719	8aad0c36d01886e6408fdefd587234e9d35e90ae5ea985d4a124d5151f6c0518
archives/20260926_sensitivity_multiseed_interrupted/aligned/baseline_seed2035/summary.json	1620	7a5ebe779611581faae93e52796aaad54ea09c5c8c742abf13a35f787fc9b269
archives/20260926_sensitivity_multiseed_interrupted/aligned/baseline_seed2035/valid_full.csv	49789	9eeaaf8a88847be2b9b84d1e6c239010469a8adedf5757452166c8faa8975064
archives/20260926_sensitivity_multiseed_interrupted/aligned/baseline_seed2035/valid_local30.csv	50004	9484673254812fc9aba02693dcd07b2afe23a7655da9b0e75f39cab97ba4a144
archives/20260926_sensitivity_multiseed_interrupted/aligned/mask_records_worker0.json	528201	e2b390b3078ae8b840aab5f0c4ae8c1b530536f535d40b90dbd5425c6ce18569
archives/20260926_sensitivity_multiseed_interrupted/aligned/mask_records_worker1.json	528201	e2b390b3078ae8b840aab5f0c4ae8c1b530536f535d40b90dbd5425c6ce18569
archives/20260926_sensitivity_multiseed_interrupted/environment_inputs.json	2190	1ab476adc5cc527d17fee6e1df8389f22bf9724ae907c4f514d903588e2736cd
archives/20260926_sensitivity_multiseed_interrupted/protocol.json	5775	23549bb33ad4d3e14595fb10be51b15ba38a6587d3572e0ceb621b9a2f981048
archives/20260926_sensitivity_multiseed_interrupted/unaligned/balance_beta_0_seed2026/config.json	1716	3cdaefce1af32456a46c2f8646465f683669a1fbb8dfd67bf1ddb10d28d26ed3
archives/20260926_sensitivity_multiseed_interrupted/unaligned/balance_beta_0_seed2026/history.json	9081	cf5d9eb9ee121278724afc246d80d24b35a34a6135b6a507d9f2f8aa09a0efd0
archives/20260926_sensitivity_multiseed_interrupted/unaligned/balance_beta_0_seed2026/initial_validation.json	697	b114840fad33a08d8b46eaf776111e209f050b0649bc0bee6f05e2d2331d6825
archives/20260926_sensitivity_multiseed_interrupted/unaligned/balance_beta_0_seed2026/summary.json	1601	60a04651e593f56b083562b3166b3f3c2c62c85a0f15ce925c2a12973c9eb966
archives/20260926_sensitivity_multiseed_interrupted/unaligned/balance_beta_0_seed2026/valid_full.csv	49307	3d38db98c83e226db054c5c208bc025dd23c29cb8e4eade17701eba3d55c3564
archives/20260926_sensitivity_multiseed_interrupted/unaligned/balance_beta_0_seed2026/valid_local30.csv	49219	e4d9980d02e05badd3b0a08b40cde8d5b3434a43d1899329435a182d769ad267
archives/20260926_sensitivity_multiseed_interrupted/unaligned/balance_beta_0_seed2031/config.json	1716	8d855e8a9921164dc4c4a688fbb6119594cb48e8ef0c306dd29a39e4eb31e41f
archives/20260926_sensitivity_multiseed_interrupted/unaligned/balance_beta_0_seed2031/initial_validation.json	714	c03f298df3409e1651962db12eddd597852a8db26871a123a0f46afa908c9784
archives/20260926_sensitivity_multiseed_interrupted/unaligned/balance_beta_0_seed2033/config.json	1716	9ed4937fb8df7ac4921573cf9e1639aadb3057e043a4df011a763e019a5a7512
archives/20260926_sensitivity_multiseed_interrupted/unaligned/balance_beta_0_seed2033/initial_validation.json	688	93a06a9958ade928b5e0228858c3130eb91f28e0c8d5198ce24362f2bdd04ba6
archives/20260926_sensitivity_multiseed_interrupted/unaligned/baseline_seed2026/config.json	1699	2cf20c0b4262b9c82e2ec8ac56fb23dc2ca4fd7c7f93843a648bfe189ee0d622
archives/20260926_sensitivity_multiseed_interrupted/unaligned/baseline_seed2026/history.json	8049	856210f88ae19e16bbd10d505af2f9c1e1db37a6b39c467811045bad362b2919
archives/20260926_sensitivity_multiseed_interrupted/unaligned/baseline_seed2026/initial_validation.json	697	b114840fad33a08d8b46eaf776111e209f050b0649bc0bee6f05e2d2331d6825
archives/20260926_sensitivity_multiseed_interrupted/unaligned/baseline_seed2026/summary.json	1650	20b83061170df8f8d4fb115297f2976fc2a79a4b1f4285349fec8dae83a8a539
archives/20260926_sensitivity_multiseed_interrupted/unaligned/baseline_seed2026/valid_full.csv	49217	3afd9fc3ad6de5d47e58f07055f3716bda3f4ddf641e5f797f4a43ab1f8c32cf
archives/20260926_sensitivity_multiseed_interrupted/unaligned/baseline_seed2026/valid_local30.csv	49104	6b3aa358b0c59d53a64e8865905a1303ae8456a5e8da4d6139b6b6b232beacf6
archives/20260926_sensitivity_multiseed_interrupted/unaligned/baseline_seed2031/config.json	1699	c6e46fe0d11ce441b4ea54706a43db7a8a4a58b700f2c52d3d0e3f60bbc2c350
archives/20260926_sensitivity_multiseed_interrupted/unaligned/baseline_seed2031/history.json	8009	d74b4d97d321077229dd9ea8414ae4192bfd614b81e903e0417eac901d21bb6b
archives/20260926_sensitivity_multiseed_interrupted/unaligned/baseline_seed2031/initial_validation.json	714	c03f298df3409e1651962db12eddd597852a8db26871a123a0f46afa908c9784
archives/20260926_sensitivity_multiseed_interrupted/unaligned/baseline_seed2031/summary.json	1623	06e6b8f086d934911cd8a2043da7f3e67bd6eb15732ac7374723ad4018265099
archives/20260926_sensitivity_multiseed_interrupted/unaligned/baseline_seed2031/valid_full.csv	49019	4d420f20aaf19288e31a01fe1f922d4dc51cfd8bdafee6827646d4f575dcc106
archives/20260926_sensitivity_multiseed_interrupted/unaligned/baseline_seed2031/valid_local30.csv	48128	60657249b86e1480c7111614c9b7b4293c716ba63258644ab187b77cbbd21033
archives/20260926_sensitivity_multiseed_interrupted/unaligned/baseline_seed2033/config.json	1699	68769fa821877c4b3bb036d16e5bd2074a98c70b0a9ae0a25f6c6a868e80efc7
archives/20260926_sensitivity_multiseed_interrupted/unaligned/baseline_seed2033/history.json	9363	1ba22f8d2dc9f56448344b106e493fe072168a686b25a1a5c289f5ba6c1495b6
archives/20260926_sensitivity_multiseed_interrupted/unaligned/baseline_seed2033/initial_validation.json	688	93a06a9958ade928b5e0228858c3130eb91f28e0c8d5198ce24362f2bdd04ba6
archives/20260926_sensitivity_multiseed_interrupted/unaligned/baseline_seed2033/summary.json	1632	e0720b6f4a5bedf2eead446c120c1cd977cb34b94f11d875a8bb1e955503ca48
archives/20260926_sensitivity_multiseed_interrupted/unaligned/baseline_seed2033/valid_full.csv	48995	f4a39ddbc7f5e642aeff96f553eefd1746f2f557397f3f6cd3cf5cbac926bae2
archives/20260926_sensitivity_multiseed_interrupted/unaligned/baseline_seed2033/valid_local30.csv	49218	bbe82aec29c5055031017a3d798456aafa58890dea62deaad57ff2996268eb23
archives/20260926_sensitivity_multiseed_interrupted/unaligned/mask_records_worker0.json	667011	a401124056604eda47c80f7054e64bcd5177278bb90e02d28f961e7cf6cb996e
archives/20260926_sensitivity_multiseed_interrupted/unaligned/mask_records_worker1.json	667011	a401124056604eda47c80f7054e64bcd5177278bb90e02d28f961e7cf6cb996e
archives/20260926_sensitivity_multiseed_interrupted/实验方案.md	2085	7a3180119ca6181c297a8dad4bb516c762e69ea417a915d997e4e1b893d5ce04
archives/attention_trial/baseline/final.json	2276	ecc06f250f7031d0fed63c42038e830f642663ae02a01f8c967279faeba97839
archives/attention_trial/baseline/heads.py	3729	c6a5607e82a02da594d092342311f121e77213da5dbf6e398afe66d2610718a9
archives/attention_trial/baseline/model.py	6560	8a18bc45c81346dac2087a5e16ae70ecf4a1be2b23249d01521cabc3784296b7
archives/attention_trial/baseline/sentiment_encoder.py	2803	29d07eaade555f144514aafaaa1922e0133d189e1f9fcb462b5d31c781a9bce5
archives/attention_trial/baseline/training.py	7585	3c2bfdc9a2c4c92fc6aa0ff2b343eb351b48aa8f1a4dd5b8e840e6cacf55583e
archives/attention_trial/config.json	2399	e301b1eede57fa82e760e674be226724cecadbc9f3c610250cdf2baa81430458
archives/attention_trial/decision.json	455	832073c996953432883b0ffb45a6552d6d9ee994c5a4a648f2a660775ae6e48f
archives/attention_trial/test_attention_trial.py	1967	a060b3dd7337a3f97646e118899cdf07827168b28d551d2a2f6deb31a9936210
archives/attention_trial/trial_code/attention_readout.py	1287	77a6e07ca0c80d1cdcde2d070a485015113d8c34f8639c34e11643d3d0142837
archives/attention_trial/trial_code/model.py	7181	330dbce75e8abb98e2546fb6a870bd80c111ea387deadf25d82d537fb2b91328
archives/attention_trial/trial_code/sentiment_encoder.py	4389	69e0aec2e0cbf299205e33f0df97bdd5a9cacd4d3ba23bfbf53cf4f03be7a524
archives/attention_trial/trial_code/token_alignment.py	1103	ba53baae65f1d85d6af14e326ea753c06840fec6233a81f722db89bcecf99375
archives/attention_trial/实验说明.md	3339	a81bedf3c87843fc08fb0f773e993e163ccbde79c57d3dcd261dc0540445e27e
archives/cascade_softlabel_trial/source_snapshot/configs/soft_label.json	2373	47549a0cd13d33e12cf67a4490bd3887b4b6f7ab11f38809d4092179af643ff9
archives/cascade_softlabel_trial/source_snapshot/configs/soft_label_prior.json	2477	11f7f760325eb8bd3017cff8a8371202993c7f764ea6fec9984174a59904fc7b
archives/cascade_softlabel_trial/source_snapshot/configs/soft_label_tight.json	2385	9dba3472dc93c3764aa19cc202d671962ea9dce2e731e3f519814075daebca2d
archives/cascade_softlabel_trial/source_snapshot/problem2/calibration.py	2855	5189213c896ddc96b38a166287898c1ea7086ac8f51224d46a3ff200f311802c
archives/cascade_softlabel_trial/source_snapshot/problem2/cascade.py	7001	910a97c1dc6604a1b0fa423e54d15c2e774be2c3cd9ea26a0e3e419e2eff9edc
archives/cascade_softlabel_trial/source_snapshot/problem2/check_soft_valid.py	1358	d7cd7e3a5a1d16bf31e984a0a0156316d86c07d529d46cfc01e04f9f4859e46e
archives/cascade_softlabel_trial/source_snapshot/problem2/dump_logits.py	2434	25bc2a83d1277645e21a316d436b1f78c59ae021bd46920af949f4fd151679e8
archives/cascade_softlabel_trial/source_snapshot/problem2/ensemble_probe.py	1930	8839d43f0f5da2755f5f313506b67feca9a0efa3f7f2345040c2151afb5c7c33
archives/cascade_softlabel_trial/source_snapshot/problem2/experiments.py	2927	53570ca6de7d803a2e56f27396ef6e16ecc1bf64a645de46519004889a9c677b
archives/cascade_softlabel_trial/source_snapshot/problem2/fetch_roberta.py	1544	394642f8e973a6cfd357d5827fde7e9f9a423a552d57c5c419152002a005d325
archives/cascade_softlabel_trial/source_snapshot/problem2/fetch_sentiment_encoder.py	1799	79bd8e23bfc17d29dbd483f06aaeba774f567b6ccece53122fa2c2a17a0087a1
archives/cascade_softlabel_trial/source_snapshot/problem2/finalize_selection.py	4789	836b5ccf5e944717ff25c2f21ce7495822ec084a578c5d8fa23bc0f91ce6b58a
archives/cascade_softlabel_trial/source_snapshot/problem2/kernel_probe.py	3269	47b20a222a0a6f96abb0b0ab1a65acad66a9e9d4816b72cbcf8fb31965b93090
archives/cascade_softlabel_trial/source_snapshot/problem2/lexical_probe.py	1552	7485945374c2eaa981f30261b512305bd82df70bac0bb39204bede58f6d666e7
archives/cascade_softlabel_trial/source_snapshot/problem2/losses.py	4792	f8a3d9530234527093cc98de3c2e07663d75e888975b2612ca64ae7ab777eb09
archives/cascade_softlabel_trial/source_snapshot/problem2/prior_probe.py	2194	ae991ffe1e4787040aa2668b78c449dc14a7508808f74726bf4107ca16ee1f1d
archives/cascade_softlabel_trial/source_snapshot/problem2/reporting.py	3520	9d9390ee2eccdbf0e744c5ff1ef49e4bb91366d34101d633882fee005c8dbfc9
archives/cascade_softlabel_trial/source_snapshot/problem2/sharpness.py	812	194cb7ce5da4e53044fd3a5e2c399b2ca421bbd181d3521d7a0041e9f966b014
archives/cascade_softlabel_trial/source_snapshot/problem2/stacking_probe.py	1699	8c66b96d84384f53607b965e44c627ecfc9ae77a8af618d674f83526daaa7594
archives/cascade_softlabel_trial/source_snapshot/problem2/text_prior.py	5359	0062f0d5f05003778a0cb895104a5b01b4aefca73e5bc57eaf480e12489908ff
archives/cascade_softlabel_trial/source_snapshot/problem2/training.py	8604	5dccf8a7d3bb0a758f668f22235dbe65a463da60898dba23a4103021a13d1f43
archives/cascade_softlabel_trial/source_snapshot/problem2/tree_probe.py	1300	62488f7fefe1b7b96b77a0a40d4224ef36b3d2bd2c378f599a929e9a8c545d1e
archives/cascade_softlabel_trial/source_snapshot/problem2/weight_soup.py	4235	84791e1cff3707adf71c2902364b7694a990a0f2add4b8ceb762eb557e4d0c06
archives/cascade_softlabel_trial/source_snapshot/tests/test_sharpness.py	1691	72d09daeb8a5b06c631be80e99cc3154645a5ddf4fc1102827a0020799709534
archives/cascade_softlabel_trial/实验说明.md	1926	c35a8bff4d53dd0526da761a5e506f40227261af3de52570a832fe35d0af9a54
archives/global_fusion_trial/baseline/attribution.py	6946	23fa2c8aee597e3a50a9b4d36d68cfadd6882102bbf4ac4d4ed4d466a577303b
archives/global_fusion_trial/baseline/final.json	2275	261ffb2d41a9ecb726ecc0e43e2423a051863c4cf8e03ab9042460977c6bda55
archives/global_fusion_trial/baseline/model.py	6560	8a18bc45c81346dac2087a5e16ae70ecf4a1be2b23249d01521cabc3784296b7
archives/global_fusion_trial/baseline/training.py	7585	3c2bfdc9a2c4c92fc6aa0ff2b343eb351b48aa8f1a4dd5b8e840e6cacf55583e
archives/global_fusion_trial/baseline/training_step.py	1157	161cc3da09f4954e655084ff275c92376396dfca69f73e3b169c8b477e7fdf63
archives/global_fusion_trial/baseline/validation.py	1570	4887db261f20a0f1dd4e3626419d73c4ff3cf50493961cae3f14da7ef755b5b4
archives/global_fusion_trial/configs/ote_domain_finetune.json	2542	ecb9c49d4362ebbfccc506e0e483a5f5e1296f3e99da511559bfea1fd1658b48
archives/global_fusion_trial/configs/ote_frozen_fusion.json	2477	e53aff491e8401851b8971de7fb828a9d31c6d485bff19ad2aabd01fe0ec7aa8
archives/global_fusion_trial/configs/ote_global_aux.json	2475	24cc4050d5126c25fb122888e7ca0f8c30903b586b174bf2ea887012d43322f4
archives/global_fusion_trial/configs/ote_global_concat.json	2480	f93fafcbcd35f9accf1349d3d4901f7690d006e4b22510195f830e83fdcbf783
archives/global_fusion_trial/configs/ote_modality_attention.json	2493	c9de46637c1f724a7ccee9a43b76262c2dbccac61da2aba93e721f26f71f8e44
archives/global_fusion_trial/decision.json	1006	ad758be9e7b1b636b745f9617e0268b2a94e3751f78206aa8ac65d42356a3689
archives/global_fusion_trial/trial_code/problem2/global_fusion.py	3472	696cda4802dc96efc422ff81f141ff66923c97a5960e3e3abd27e918517ef28d
archives/global_fusion_trial/trial_code/problem2/model.py	7025	93a9ddc949d579bfb7322fa901da0f0fe3577fb0187a84849db3b4e4523a0343
archives/global_fusion_trial/trial_code/problem2/training.py	8391	9ee8c930e83e03a1ca6426c5f727c1f5fff50e36493647708fbfaca6509e695e
archives/global_fusion_trial/trial_code/problem2/training_step.py	1399	31d47038982132184de0e58e255b6269826053a8920e0c7c0bb1e46465a4fbde
archives/global_fusion_trial/trial_code/problem3/attribution.py	7012	93f252aa8ea223c2020c733994a3abc62ca182122b195ced1b032cf8375b3e89
archives/global_fusion_trial/trial_code/problem3/validation.py	1656	587077853e8a70b3bc50d96ae08b329a4fad1607a9277ff4f927c98c564c9879
archives/global_fusion_trial/trial_code/tests/test_global_fusion.py	2396	d23cdf5f0e25c9c7128f761960919723aa99d73bf7701e93194ee9bb06acadcc
archives/problem1_original/problem1/__init__.py	47	b5211db69dbf666a891cda1b167625bea018f1666236cf95ea59a6aeb2e9cc1e
archives/problem1_original/problem1/alignment.py	4744	60b829e2cfeff67afa733c8fd596d7b27a1718144b92063239cf9781959d1aa7
archives/problem1_original/problem1/extractors.py	3988	87e18abae07ccc4c4e3a8dc9df456c440de6b3bb2fcdfeb04fa8fc19d8d5da91
archives/problem1_original/problem1/media.py	3590	1b47b4b8b5044086f026578ecc124e24b56c00ae1e752e2d36e080e00e94db2b
archives/problem1_original/problem1/pipeline.py	11656	b53dc583cd37fa329db29a9f5d5cfae0d77ca987eba5ea5fad27ba00f305ba75
archives/problem1_original/problem1/preparation.py	2406	dc44f1d2f972ebd433cba82eed78750ac33cf0febbca67dccc0b19011c0e7f16
archives/problem1_original/problem1/problem1.py	1581	f8a13812141c45e7f7ce5fedb28952c670dd81e0ee0d013ac6f147bdb98eeb12
archives/problem1_original/problem1/README.md	1388	5e181a8b95a3120312300024ea4b5bd0dd26b4fde29f0fb81d6f0af58ebad332
archives/problem1_original/problem1/rebuild_views.py	2311	371357fec2d1c3b0a83ed2ba8d8056a9f3f1fdd10e9066a6360916576fa3bafe
archives/problem1_original/problem1/validation.py	1164	d1ecee3fa7f3631e7bda45e634fe38b5199fb56c7bf0ff30a287530919c69f13
archives/problem1_original/problem1/verify_outputs.py	2424	2c5b80ac6e018609a9a7613d554a5035aba5ee0607ef8f7403e692868d2e7730
archives/problem1_original/problem1/visualization.py	614	49738ac697d4115a9c368226a11421331b9f35443768700d8381fc4970ee1c30
archives/problem1_original/README.md	490	48d89d3cf03a93c95fd874b529e0c35f2bfad6575724d5883a5570391b6eed55
archives/problem1_original/tests/test_alignment.py	1636	ff6c7436ecb55a705bf6ce8e536541d9a1cd8eb4a788cb29c4e7628f036b9161
archives/problem2_entry_consolidation/README.md	199	7a78a8fa23873d3d7648ba203df65351faa3ae65ce0fc07c0fd70cfe4b50ca81
archives/problem2_entry_consolidation/run_problem2.py	18512	4cda02379935d82d93876616827e421eb479544bd0afe4f782d468b0b94f5350
archives/problem2_entry_consolidation/run_problem2_all.py	7812	67db1cceee0bb1c2cfb7478c62d28b641384e6ac14fd269c31078a55e03c99cf
archives/reference_repositories/CodeREWorld_MSA/create_data.py	3758	f9b0246673c02f5750db5810af9a7674ae568e67db820c57543c807982948e58
archives/reference_repositories/CodeREWorld_MSA/data_prep.py	12715	85dcfa696f334a71013fe79a59dc2d1341a4f6edc3b71984ee55d9ae910059cf
archives/reference_repositories/CodeREWorld_MSA/dataset/iemocap/raw/loadIEMOCAP.py	1537	73b672efc5e10646c3ae59bc1ea62e9cd5871a7a59c7384b8b7316fb6805c66f
archives/reference_repositories/CodeREWorld_MSA/model.py	15466	a35c50c8b3dac18c8dc14f1d8512b227691dd5f4b4bc306e5fb031e3b1fbd4fa
archives/reference_repositories/CodeREWorld_MSA/README.md	3731	afecf69d5d33b2993d048346773a09e4253ce809bd94798fda01189c2426b900
archives/reference_repositories/CodeREWorld_MSA/run.py	17703	40e4a3a69e731c90fe463d6ff83dae0871371631c2feb43b2eac68bcd716d5a3
archives/reference_repositories/YeexiaoZheng_MSA/Config.py	1409	27f10c4dd62e74c812b52963a84d532e73421a679ca79ee60fe4583d51375672
archives/reference_repositories/YeexiaoZheng_MSA/data/test.json	89547	408edbd94d9ea34008a08f88735845fc19aacd650cc981d8f2686e88ffcd3e19
archives/reference_repositories/YeexiaoZheng_MSA/data/test_without_label.txt	5013	30080bdadb65d757bf890fba365e5bb3905a80a44341e0e08924feea947711b0
archives/reference_repositories/YeexiaoZheng_MSA/data/train.json	732328	eea25a875d11e3400b435ff5cc8f0f7e08f7ba282830c40c380fbf7991dfa2f5
archives/reference_repositories/YeexiaoZheng_MSA/data/train.txt	54661	596dd1494cbe9ea49d5040f7e3419d855e9cb9a7f54041dedc1fe91698f3c2ce
archives/reference_repositories/YeexiaoZheng_MSA/main.py	4524	baec0836ecae96fc8900931c5243cf8ab9d3c1f5eb5428390debfc0471fdb585
archives/reference_repositories/YeexiaoZheng_MSA/Models/__init__.py	0	e3b0c44298fc1c149afbf4c8996fb92427ae41e4649b934ca495991b7852b855
archives/reference_repositories/YeexiaoZheng_MSA/Models/CMACModel.py	5406	710497b325f5f645bc33218282fcb4d1def4296cebcb2e0f06b10c3c9e88eaa5
archives/reference_repositories/YeexiaoZheng_MSA/Models/HSTECModel.py	5026	2bc30d8baf4e93a79707397e86143446b73cc0965926dc3b9c75afc4dc6734ff
archives/reference_repositories/YeexiaoZheng_MSA/Models/NaiveCatModel.py	3087	3aec14c4a2e14cf7ffdc045d1a321a654e71d00c261b748bfda784f3ab900c42
archives/reference_repositories/YeexiaoZheng_MSA/Models/NaiveCombineModel.py	3583	1b50a28b6d053f74fddb0db43208c8a3c2c70f6ace1b5d16ca07783b36c6516b
archives/reference_repositories/YeexiaoZheng_MSA/Models/OTEModel.py	3390	cd75f8ff174c39bcb0adeb9dc6387817991b3b764454298eaeefb43a64859d30
archives/reference_repositories/YeexiaoZheng_MSA/README.md	5514	6ad3d168664d7121ca141089b62fc1d96585535bb69e2e7db0c19e4312882356
archives/reference_repositories/YeexiaoZheng_MSA/requirements.txt	129	b8f2cd857002a4a2e9d28daa94e351cb621da18d0a92f27057e9952c3a802b78
archives/reference_repositories/YeexiaoZheng_MSA/Trainer.py	3875	9a8d49e945673915522eed44d48b666a82130381014164cd01e62a33e9f443ba
archives/reference_repositories/YeexiaoZheng_MSA/utils/__init__.py	0	e3b0c44298fc1c149afbf4c8996fb92427ae41e4649b934ca495991b7852b855
archives/reference_repositories/YeexiaoZheng_MSA/utils/APIs/__init__.py	0	e3b0c44298fc1c149afbf4c8996fb92427ae41e4649b934ca495991b7852b855
archives/reference_repositories/YeexiaoZheng_MSA/utils/APIs/APIDataset.py	1422	ff139d4de0a5cabf260502bf356f0397769ca1d1ac0409230cf8101214c16bf6
archives/reference_repositories/YeexiaoZheng_MSA/utils/APIs/APIDecode.py	425	7ec1fb2606fef9d93bb68fc4789e574527d106df7a83ac538c86522eef3336bc
archives/reference_repositories/YeexiaoZheng_MSA/utils/APIs/APIEncode.py	1859	bd63c26ea815607ec2e76c0ef5c6cc326ff4a7e61b33a98f667fd4d7af311cdc
archives/reference_repositories/YeexiaoZheng_MSA/utils/APIs/APIMetric.py	278	0be162d5949e04d54f9fa87784e6e565a9843cf533ae53a075fdb8f3430638e5
archives/reference_repositories/YeexiaoZheng_MSA/utils/common.py	2975	fd82859e6e132ee6d1071b07428edaed5fdbfc36ac6f17ee2e8f91739e5f3ea3
archives/reference_repositories/YeexiaoZheng_MSA/utils/DataProcess.py	1660	c2b82c30152659ee264d455e49e71f2f3308881717c2aa8e44f432964795ef33
audit_resources.py	2419	60c5662acd8649bdcd7e5298566d421484010d1b1ebc3bd8a3f211aff4ad20a7
configs/archive/algorithm_v1.json	1861	4b923614214c86fb77fcd2084a7c7756709f1ef52efabc66bc02d429ff468c06
configs/archive/baseline.json	1672	3f9d99ed6ca6fd055a1aef4f4e4e474c85c251332d1cf6926e240ae771cf4108
configs/archive/bias_tuning.json	2014	cafa2167045014c2e8619d9a430f14c8aeb57657832eef92600bdab26f4e303e
configs/archive/context_fusion.json	2171	6fff97fd23460512caed7de3af125c99c4b8dbc31f9e2cbed0e8f9a8ecf64156
configs/archive/context_sentiment.json	2185	a672c6d6b135061cf12f55dc76c1eab0165f178660c1815b8d4f36fa4f868b39
configs/archive/full_depth_lora.json	2082	052c02cc9720c41c5eeeba162933bc059bd9118d89ab2e5b90b2a8296f6f5328
configs/archive/full_task_tuning.json	2116	0a586f5218613d86a5da94fbd916ac29af228561ac0265a19acfd7a8fa7efbd7
configs/archive/last_layers.json	2013	f7cec0eefa857538ff942b038ab47af600555dead1d2fecc5feb2c3b54134856
configs/archive/mixup.json	2024	b19d64dd79ae99738fccbc66a6f358d37edadbc3eb5a6206c85e52b096bd5a58
configs/archive/neutral_adaptation.json	2281	74f78ea4eed519f61b507e39ac03ead3cf7c2a761d98caee40b74cd6bf73464d
configs/archive/neutral_contrastive.json	2326	1012c23b55cee9ca4ddf25b5bf2642344d5dfcc88a71779ce043c3b5e1776dcf
configs/archive/neutral_ema.json	2283	5e1fb0c0c05e2021bcabe4bb4119157881a7e80433490a1982e376fd0e9b5474
configs/archive/neutral_global.json	2295	2a891e4600e561fc276271b20c4109c3791cfd65e6a648a7f86c979027f66ffa
configs/archive/neutral_seed2027.json	2275	1c0d5b1caeebcdddb12dae789f138caad4cde8520f0ec8d18999495130490479
configs/archive/neutral_seed2028.json	2275	31be79f924d9c2dded2d8be9e9a369da8e69a2aad1c1fce152aa36ad049d5a33
configs/archive/neutral_temporal.json	2303	56798ced88e0330a4729375e67162a8bd90da4554cad3683e199292257de22ab
configs/archive/neutral_transfer.json	2248	b8716be4513638acc898be7c06f516a2f48bb15a8f881244d3c5ee99270d1f69
configs/archive/neutral_triple.json	2354	0872624379678e00cfb18badfdf155b896e6cd4be201e78a95eb0df9fbea008d
configs/archive/no_completion.json	2049	cf465ed22cb0004482636cf932c04eb5d39b0fb0d8a19b2e99551f01e63b5c5d
configs/archive/no_reliability.json	2052	c90b4c07bad85a4f0835d2708992c9587cf6386fca0ae40efcf5d9af44d61509
configs/archive/opt5_r1_rdrop.json	2410	0c21f56b515fd07d2b80db42fd21a9b8a8de8d768f4b9266301fa658eedc03b6
configs/archive/opt5_r2_ordinal.json	2416	e108a305b2b02f0823393e6be677f08792fb48d3d5647e81614645bf03d56fb4
configs/archive/opt5_r3_domainhead.json	2430	4db97077b0417177f8bb52486968a885719574ac251edffa75b346bd26cc5c3a
configs/archive/opt5_r4_sam.json	2435	019bfefbf7b6db0f58b499d3266cd1b5fac2ae5adf28a52e551613bfba63e538
configs/archive/opt5_r5_soup.json	2338	d82abd321220aa009f608ab60b593290658bd830dd6dc17c08a183d974676b99
configs/archive/relabel_d017.json	2327	9e8a350f2e9d94d50ad62f133018c31c87c527ca815fa566be5ed415068489a6
configs/archive/relabel_d067.json	2327	12c67df3e5fd0f829d6a55e6baae1ed736c0e8c92a51f117fba8cef47d2b7301
configs/archive/relabel_interval.json	2335	864de28d5ac5e00bbaf63b1337eb7fc8441c88515fc8da8841a8929b1c789c3d
configs/archive/round1.json	2030	77f835af2494f57b2b1bc8efc7d21c5f2c53d4c7367663446a47fcceba27865c
configs/archive/semantic_readout.json	2001	56e1365717766dfb3d5bba029e644a738133492fd3e0b835a963f60cc22a3837
configs/archive/sentiment_global.json	2152	a3623007e481aa416ffc68e422c6f95ae8029539a79a198be30499e54a9dcf97
configs/archive/sentiment_transfer.json	2106	1c0db4a743570100344a1961eccc9a0a7441f0f51c26e91825654152295b1239
configs/archive/soft_g010.json	2335	50c17ff47650890d2c9ae2f9ae9bff40bee5fd46b1540c04e55888d421ee40f7
configs/archive/soft_g017.json	2336	743542e0d20a1debee225dd8237f513f4d70714ba8b54331c7c4232e7286c6c4
configs/archive/soft_gauss.json	2338	852626bd6c8c4723a28a082aa615bc4d2c2183dfbb44ad00949270f25c313ca1
configs/archive/soft_label.json	2373	47549a0cd13d33e12cf67a4490bd3887b4b6f7ab11f38809d4092179af643ff9
configs/archive/soft_label_prior.json	2477	11f7f760325eb8bd3017cff8a8371202993c7f764ea6fec9984174a59904fc7b
configs/archive/soft_label_tight.json	2385	9dba3472dc93c3764aa19cc202d671962ea9dce2e731e3f519814075daebca2d
configs/archive/task_adaptation.json	1951	17b6f5d12c17690c7edfb1bf1b877e2f08277f23262a3f15ab4a1d0506dc7b48
configs/default.json	2275	7e0bd41d0314be767f8f3b0f76c886d96590b255c89d33813436425801c42517
configs/problem2_ablation.json	360	93fc4f6b7b6ec872bea3edbc559ec21ec3a6b81feb5a8ef15796315083144c64
configs/problem2_aligned.json	1678	230772264f359ed0c08bca7509b9cfae5f7fc04ea357eeefa5c97a2cb9a35d2b
configs/problem2_bert_finetune.json	1678	230772264f359ed0c08bca7509b9cfae5f7fc04ea357eeefa5c97a2cb9a35d2b
configs/problem2_retrain_ablation.json	472	eb984c5fe5415e76e466ba2673149c540833557d7c4dca101d05ff60638f32a6
configs/problem2_retrain_B0_test252.json	573	7e203248bbea1b4a57073a47bee431d9bcb0d42a30da146793faac61a8ebb3b3
configs/problem2_retrain_bert_finetune.json	1872	0bdcae4b69657811e4bf43e458486011db0b46953d88c3d153b14b2ecd3bc662
configs/problem2_retrain_unaligned.json	1371	63d8573198508706df82f1140e64dda71d4e98489418da6b1cdf36fcefa10760
configs/problem2_retrain_v2_ablation.json	624	9258707b0025f821a6afc741a7c4aee540fd63ef115dbcde3812e9c1eb9c20ac
configs/problem2_retrain_v2_ablation_s2031_2035.json	649	e8d8d414eb58374057055e5c6bb96deb049626c4568a573653c791ff5eb3e9f8
configs/problem2_retrain_v2_ablation_unaligned.json	488	b89a1be28fedf7dab22117f315eb6bc61ffb831f94476ef317b5b2bebb5b05ce
configs/problem2_retrain_v2_ablation_unaligned_s2031_2035.json	448	0f12b22a755abe829349df12bd4c35866e6116bb24d0c22008718838079ccf2c
configs/problem2_retrain_v2_aligned.json	1989	267d4a1c21a07d943c26660303d350b64734731f371a745d9617680d91df0335
configs/problem2_retrain_v2_unaligned.json	1416	ff5c0db23aecf518a6260118d27fecbc9ea7bb1e00bba43cde0cae6e886ae36d
configs/problem2_retrain_v2plus_aligned.json	1421	2f356db965fa1bb31184c20800f2d8fb9ca4fa0afe3d2ef7b622b255df89154c
configs/problem2_retrain_v2plus_unaligned.json	1319	f735d03ca013b5509c169bedd7d0790a02cef7df1964b6e6713e5b11624f834f
configs/problem2_retrain_v3_ablation.json	609	0886389a1c69e982b1dceac4066103c2286858aa1eed5662dac4c76ac195c280
configs/problem2_retrain_v3_aligned.json	2027	338f82badaf62e9a435a5e5871a1fcc4012376085aee71ca6c8d2e95b4aa6848
configs/problem2_retrain_v3_unaligned.json	1398	d1392a7256d3da697f4f727be03bebf41a3088be05970f9c611a8afcbc7b872b
configs/problem2_unaligned.json	1174	afef71238bf44d37446ab60673bdf748827c0e7c71c097ea6e358fcb9e363fd1
configs/problem2_v3_po.json	1436	1c4ec6065f08f81f26ad16796cc0aea11b232d707e62c029290abe315bab3f6d
configs/problem2_v4_ablation/A_cw0.json	1596	d89183dd78f234ab1925ed4ef95cdc5e2f196f779f03aaeef7f69e0fd8d00a3a
configs/problem2_v4_ablation/A_cw05.json	1601	a618e817e7898c64cf196065b26198fa7abfc530ace9d5b7699783ed08426a9f
configs/problem2_v4_ablation/B_reg005.json	1654	e3cda5bf934de2798ac2ca2fd0ee849f8646acaf9e51e253dc115714b3a2609c
configs/problem2_v4_ablation/C_miss01.json	1606	0fc03bf2664771164ec742a5711df055ab9740c7f1a2cda5c36eb14e3a47922d
configs/problem2_v4_ablation/D_rec001.json	1594	e5bf37a61b32b38e6269f9181ffcab48135164567ffe8d5512a30b779471ceac
configs/problem2_v4_ablation/D_rec015_002.json	1644	f44829db1fcef5f0740f5c79e141f5bd0a6e8f192e0e0485f61c32be5db32348
configs/problem2_v4_fusion/F0_additive.json	1719	46373b8900d50aec3b4a04a36a670f68f6cf755dd2028542f62b37df2c327202
configs/problem2_v4_fusion/F1_concat_mlp.json	1736	a7a79060e493506f831c3abcf4d584d7c91ff303a192f2d8ba7a7fdc8c6347dd
configs/problem2_v4_fusion/F2_cross_before_pool.json	1758	260e9e988df69fe25d708d2bfeab029cb90f83eb1047dc5e0ff389e2827b3b02
configs/problem2_v4_fusion/F3_cross_concat.json	1725	7f569404efcebf88d050177f73c6a5b8a831d17c6089a299a5f8a3ddfe03befb
configs/problem2_v4_fusion/LR_F0_1e3.json	1690	1eebcb7859750de4bc7f23dce10292a964e82a294b308d0c3aec6e38d118c3ac
configs/problem2_v4_fusion/LR_F0_1e4.json	1691	d1e48473cdf2df08f10b36d6774eb97c772d299d2ef19460663d98ea42a12308
configs/problem2_v4_fusion/LR_F0_3e4.json	1691	136a8692bbd1baf064c0a41c4b986d16c24443f012c0512e3d85651ec713f6a2
configs/problem2_v4_opt/G0_F3_1e4_plateau.json	1783	a86e3e117becffede447aebd3dfd7c386b89315b959b41c8e12768caf07d1f2a
configs/problem2_v4_opt/G1_F3_1e4_warmup_cosine.json	1805	f52c7371e3d29b70e8e4a8aca51b2e9f030c59231a0f7e6908ba227b90f7cab1
configs/problem2_v4_opt/G2_bert_full.json	1920	deea459a1788b06fb708074ff0ee2e172191b8ecb42c7a5e4a677461100d81e0
configs/problem2_v4_opt/G2_F3_5e5_warmup_cosine.json	1804	4353fb79c69f2bfac4d4a3af2766335dfb3cc1b2ab2e01b4ac394490e52aeec2
configs/problem2_v4_opt/G3_F3_3e5_warmup_cosine.json	1804	b051ec15da65a7b41e79fd33d14ecb284953e62fb4564eb042a47a1929a530ea
environment-lock.yml	10946	c2156200687b4bcd86c9e53ad1688dc58bd2b49791b8187367245bdb879b6a9b
environment.yml	710	a4daab6036571312ce0d9a311e04e1775d0627fd2335b1d2d91aaf37943d2c13
package_results.py	4537	85f14f6778a560f34735afdd1968150772e1a0e7a2e837021bf0f7b7f89b3be2
preprocess/problem1/common.py	29072	72e0693dd116af69f95391acf8a45c7471eb4a7f8e60d0ec5b3cac08cc5f8343
preprocess/problem1/config_a.json	1176	acdcf25641bea455e371eab57ce65e286fc2d2aa0b9d33292e4a47d13924e657
preprocess/problem1/config_b.json	1091	18635ca2818db317995b6effa2a56ffda36c7dfa978740e571fce365807ef6cd
preprocess/problem1/method_a.py	10501	894b2dcde2c86156655edb17e25f1acc6187afc156cb3d380344c6442afbcd1c
preprocess/problem1/method_b.py	7996	4be7ad70e91fa7ddb916c40b783b7ab437f8bce3f69c54898dc5165e77e91f0f
preprocess/problem1/README.md	831	fc0e4e045aafd12c20aa157970b39de30acdfdab1b93c3cd6e376fbd2007653c
preprocess/problem2/preprocess_aligned.py	8664	994061d3496aa1ece213c272ff5c79e517893cab8ac4209e614bfc1e02ac4e3b
preprocess/problem2/preprocess_unaligned.py	10268	1ad53a8574e2c570a022935e9b3b64e4bb3cbb7a17eebf45263919dd19447b14
preprocess/problem2/README.md	1724	4c002ef60b9291e39f168af181903042119f634b9f0f1de0b57f41b20caac89c
preprocess/problem2/RECOVERY_PROVENANCE.md	2574	175284e9c6d4e92a45bc37f78df89dace28da8c1f4437c8733abcbcfaf80b309
preprocess/problem3/preprocess_aligned.py	3004	7c61d1b39af4d087684d4b97bd458c859bd15f6bb6a55705a42ec584fd061f2d
preprocess/problem3/preprocess_unaligned.py	3815	aa9ca1393e2e5a1e1253dd5988ee7dd2f50316eda9fdb144e5d05109b0d06e3b
preprocess/problem3/q3_utils.py	5249	9ecd5e393aec76a7ab789a7fcf5b0654f09760428676321d75ad75ef706377dd
preprocess/problem3/README.md	829	447ba2e4f23af1e0dc1079c8fc32fd5c4c06a5dfd4ea76657ea1239d116bd379
preprocess/README.md	2032	ade8aabdab5cbaa61cf8094e3af977af8958ab5a0692242ce6ad4f542e8b7723
problem1_v2/__init__.py	80	ee26fbab64969cc1aec6d64386e78a5c9ab3faeecc5166b40d5532a14a3ac333
problem1_v2/audio_quality.py	6142	f35d1924823dfa51003e76c9d534394f94f1fa53d5e711c851399fde7024a561
problem1_v2/BERT文本特征说明.md	1324	138a21750a17d59d178ad748ab3a9986e616615965d720c0f7e56bd9a798139c
problem1_v2/build_alignment_package.py	268	f7f9562adebdc1199dace2fb342f408fe7579525e5f0522a9700b01b7b848a4d
problem1_v2/common.py	4274	2fa8e5bb48fd1d76a8d1f12ffce9251e0eb369d76b995ac90f8a10fa86461f36
problem1_v2/config_q1.json	1330	bf1abe6bdd1c85a2c1659435d386260f54fa9c3d92d7987911ea8cc5c6edb3f4
problem1_v2/covarep_audio.py	2935	5324924d39380dc32968d786ff3d3718e25b0898eb0e97f70959c600c3b19f6b
problem1_v2/frame_sync.py	3150	b3ba88ad19737cf313b5274f14da61a5e0e013c8e150ff4bbb0f628d12497e23
problem1_v2/normalize.py	1561	93e1ad6c1a9919dfc5e74a204226f6e48b1c4c8b5b5062b1b181b803f0280d8d
problem1_v2/pack_per_sample_compact.py	14473	889d6d988e5aa54b5cd3fa1ac1c4b28f96adeac27067b8c2bcd3a785abb6b9e3
problem1_v2/problem1.py	6883	72c2678307899d0a7d56090607d43dffb489d279c1a626efbdd443b65773dcd8
problem1_v2/README.md	437	68db8477fac3bb611b4bca64dd9a1c45af169b3efa78c2bb4b5d0aac1085ed45
problem1_v2/shared_cache.py	2646	831c2da6d881bc316bdb571c4f2cd6d93941ea66412142bde2a15cc261006548
problem1_v2/text_quality.py	8501	075c219a52c01402c0ff51654c07c903941d5d190a0fd4c03f8c50745646f8a4
problem1_v2/token_time.py	3333	03d20a063ddbf784b60883f5854f2bd8742fae742e2962db4c3390c22ce43c96
problem1_v2/verify_outputs.py	9580	312ded2667860763b0d12352f4d4ff0c0172e96f5863c28351949b2d8b5608b7
problem1_v2/vision_quality.py	3806	9c51420ad1d707a7a1852548e6166abdf326675e6ca4236b06970d465fe09701
problem1_v2/visualization.py	4353	49c808f2c7702d44d1a3cb45b18e30150ebc856324d08e126c7639bc188d0f9d
problem1_v2/三种模态无效片段识别方法.md	955	4d53de20deb780511933fead3e21ff31e6aa7db1a2dc0fb605959e40efb0cf1c
problem1_v2/采用说明.md	1053	983a2ea6fe4da06b9da5ce266cbd15ab02109b12a59e66f862a4c692d54a94b5
problem1_v2/题目分析报告_方案B.md	1674	73dc5f2d9cc7bfa60c9ce6fe3a0c8174b09fa9df6b4093adb617f93edea2a5aa
problem1_v3/__init__.py	71	0b358222cc353f270b19751e0b455948c772c16ded0d5a7ee3a2b5903b0d1de9
problem1_v3/BERT文本特征说明.md	1360	cf724bbbfc0478b5a38b08b6f1dd3abf4440e4c4fb26cfdc558fc2cb9a16f53d
problem1_v3/build_alignment_package.py	268	581456068b6a1b19812a8bd0daf608bc1f0099b087cb0af13ef8a041a5f26a50
problem1_v3/common.py	4274	2fa8e5bb48fd1d76a8d1f12ffce9251e0eb369d76b995ac90f8a10fa86461f36
problem1_v3/config_q1.json	1185	693c9c2af1c4727ea20af855fd4a5f247134aca41348dd9c7351f7a441c8f644
problem1_v3/covarep_audio.py	2935	5324924d39380dc32968d786ff3d3718e25b0898eb0e97f70959c600c3b19f6b
problem1_v3/extractors.py	6828	fff77eb0d12bf042e38e40470d5d6f8fb24f876a435988e2a010b22152d34922
problem1_v3/frame_sync.py	3150	b3ba88ad19737cf313b5274f14da61a5e0e013c8e150ff4bbb0f628d12497e23
problem1_v3/mfa_alignment/__init__.py	568	7b7629aaafa04ae039c16d2c086855de52b4402be2a2fba6b1c1d78175fc125f
problem1_v3/mfa_alignment/aggregate.py	2235	c5f6529ea3ab5f435ece02f9436b7e0ede9456839a4e399a1ee46ca0d455c8e3
problem1_v3/mfa_alignment/media.py	4052	c5dc78ca45e0b4ffcf8473cf8d542f661ed1f5df29e028a02786cd8acec3d38f
problem1_v3/mfa_alignment/media_preparation.py	2266	b6c486313b57c33f446c52dbc6fac6474f4358ec35642605dead8f7d124b31aa
problem1_v3/mfa_alignment/README.md	1195	ac83228dbd33152c43cf3a622d1fe8cbe02bf1d694ff9aebeaa79df92e23bd3d
problem1_v3/mfa_alignment/word_alignment.py	5380	3478f581f72ceca13705817c6cdd07b3346df7e251ec3213bc3c189d25f51450
problem1_v3/normalize.py	1561	93e1ad6c1a9919dfc5e74a204226f6e48b1c4c8b5b5062b1b181b803f0280d8d
problem1_v3/pack_per_sample_compact.py	11280	27e1fa5780b147d6c73dd4e2556ca3c0618540e0eb31d4d1a60992e55ff9f3a8
problem1_v3/problem1.py	15199	95123d05fa9a4b38b3ef8a06810c9837d70a371c89664bdebbc62bdf03a29499
problem1_v3/README.md	645	5b57b166fd8f2e0d8b04767648087622a33f4d21c7ac660e435e89df55f76336
problem1_v3/shared_cache.py	2646	831c2da6d881bc316bdb571c4f2cd6d93941ea66412142bde2a15cc261006548
problem1_v3/verify_outputs.py	5445	f7c5780850f67163d1414f29f92edfff7664a18ff3f91676aad9dbed7340cd92
problem1_v3/visualization.py	4474	f4b457f4bed9a1ef45c2a2a9f9033625f46af254f799cd791b8b8244012c64cd
problem1_v3/三种模态无效片段识别方法.md	1111	675e5386268a1eafa9b3337d097c395f6e3d57fbddac2b3a38b34b505f4d48fd
problem1_v3/采用说明.md	1388	831ecda72a82a6fb9e1a132b22eb7da076edbd5d0322ab6d50c68301ab00b8db
problem1_v3/题目分析报告_方案A.md	2230	52a84e86e5a807b31724f3a10309407d7020900137f72e3d00c048585282ae3d
problem2/__init__.py	59	d747ccbeb049b1558f96e31b955560abeeb537c1c9e1487be5fbbb8d3adead78
problem2/ablation.py	8121	8c93c5db1a31fa128eb398893f8af585863cb713f19187f0715ad90e3ecaec46
problem2/ablation_analysis.py	10307	f41713141b0131a58b654093ff0602d93188648277fc3b1c975db9f098443033
problem2/ablation_plots.py	12103	72b22c124a11c9426a01890b07ee4563b544ac1fdedd3009231a22e32192ae9a
problem2/data.py	9654	c5c2ecda24fc6a7b44b5b7c9149492b69edbed181a93368f6f98f2b0b0febb4a
problem2/evaluation.py	2035	83436ea4dc5b77b37eb41e96b330c9834fcd71b3e532bd17861d7a297a0b1e44
problem2/experiments.py	20015	e6ab333f0118c379ee38692df80137bab2ed6ce37a9fd35574d806e1063ccf8a
problem2/inference.py	10663	35367d2ffb74f149819c9cdd1c2e496701d40c10936e7b0ce1d875c46a44d145
problem2/local_missingness.py	4606	6fb4f1c28bdee51153661b04936e27f2a61c5fc9894172b2ee84c548853f91ba
problem2/model.py	23222	45053be2293f5ae7c8ca3bf25daa049c455a45913fb85a8ead8ebb61a2ff2283
problem2/output_contract.py	768	f1b1e0d9794a3ab60df3da0db971eafcad81110c56b0d37b2f9f67b1982461e6
problem2/problem2.py	3029	5426b7651aeec6bb08107a47358020a3cbfccdca006c004d478e86c27250573e
problem2/README.md	4216	247df8540d13479784d6ced36655029efb81817e1cfaa7b8251faa390fb7f392
problem2/training.py	10087	837f3e24a2e2e0e1869506034b840f869144cdafb1f59731aec8d9091a1ccbbf
problem2/中性识别改进方案.md	24792	78d8d8628f7624319eed4956f72703d4c272380a644d629f62fc73b402775183
problem2/完整运行脚本使用说明.md	8796	c71e62c4fd5f58e98d97ea83971ff538673d5a8f159092c18703239400a3173f
problem2/当前实验结果.md	4226	f71aefed5dd951782c120923391f95cd5b85ad7d005cb3345926453d6f0ac14b
problem2/未对齐数据软注意力方案.md	6180	6f4df951614998dfbf2cf1fb9fb95aa1bd8bd02e1fa41b1984c1917b7a03f605
problem2/消融实验说明.md	9151	de8809216647d0bbfa0b4a8e092d347b745c036147c8e1c704f8c2f10bb9ee07
problem2/运行说明.md	14167	270ca9348c1a86595560aba0bfc2e537f7f82d61cc17e1729b2923f87b0e2b5e
problem2/问题二建模思路说明.md	7599	91ddb0bb87b16e288927558aa05413d4484d0db60765c9ef411c971ff35d3642
problem2_retrain_v2/__init__.py	59	d747ccbeb049b1558f96e31b955560abeeb537c1c9e1487be5fbbb8d3adead78
problem2_retrain_v2/ablation.py	11772	9d5c96c17a661347b2bde5253d63a1036f7464527d2710e19176b036d077a768
problem2_retrain_v2/ablation_analysis.py	11240	2ac28165643a502f718e6e64ba14421567dd4fcf0d0b207ffa744631c7a8319a
problem2_retrain_v2/ablation_plots.py	11736	8d2e5f15978fe99ac8bbd808a86d1fe6b26853544d930a235bab0b0ad1207384
problem2_retrain_v2/data.py	9953	8661f2c9a172a16aea2e394344d44ff656275d42b76a2ad9d5121db9b15e9147
problem2_retrain_v2/evaluation.py	2035	83436ea4dc5b77b37eb41e96b330c9834fcd71b3e532bd17861d7a297a0b1e44
problem2_retrain_v2/experiments.py	20355	7d01575ff4f5782f3a04acad47c5f98d67f8a49a8012268f1377c77393e4e864
problem2_retrain_v2/inference.py	14330	3d1172f5529fefb9b422361f53089f5b8b3d860cddf8e427d60dd537b330bc5a
problem2_retrain_v2/local_missingness.py	4587	cf9c6e54772702ecf15d5b4b782e172b587ddc604202a90b72ddf4fdce05fefc
problem2_retrain_v2/model.py	22809	1a5114e744a764437bf455db15b172e160f9c5936f6678d162d91c8e32ba0dc6
problem2_retrain_v2/output_contract.py	768	f1b1e0d9794a3ab60df3da0db971eafcad81110c56b0d37b2f9f67b1982461e6
problem2_retrain_v2/problem2.py	3020	ab17f5f05700ddefcc1a7a217a93cdaa734e66e4106da041d9084df371ba98e6
problem2_retrain_v2/README.md	668	4a6e39d3ccf41ba11fecf33e0680f307558ad0c31574022e0f0e534e7551bdde
problem2_retrain_v2/RETRAIN_README.md	2815	98e5d178495816f2da337161b71cf18231bb03b31a03ee20e1119ff7b9e14f41
problem2_retrain_v2/run_test252.py	6237	994d94e5dce818b0f477640a34db59905d27cefb7f295ae37ee9da7bb35cab65
problem2_retrain_v2/run_test252_mean10.py	11601	c460aa67511b32cefcdf33822451bf9d9c7ad4c0411dc1e0ebcba612e20f0f5a
problem2_retrain_v2/run_test252_mean3.py	10427	1075f587163d6ca083df574b4b61b35dffafa5424d44068aef88e7ce619d904b
problem2_retrain_v2/training.py	9761	4df4b0479f58f291955edfdb040de622c3762eef7d2a1964b22b4232ef95d96a
problem2_retrain_v2/对齐版六基线_三seed完整输入.md	1408	91723dcc6c3491273f3bb772a2b1e43dd51f697ade6fed6ca94fb5ca0ed2ef4e
problem2_retrain_v2/模型建立_对齐版.md	11766	43a2b7abe9960ab66091d1fd03b64021a6eb2f0b0a1a67d4aea251e5c0ad230c
problem2_retrain_v2/模型建立_未对齐版.md	11701	7385f1cc707e2b5f3495b57240577a8c148fc2810fae39fdbcc4e9584e486cbc
problem2_retrain_v2/纯数据：结果分析报告_对齐版.md	11206	1d25d13175457fcda532eb90c510bb28e2b40052776a27e40b68944c05371091
problem2_retrain_v2/纯数据：结果分析报告_未对齐版.md	10588	dfbb0f755ebb916d8d5d82eba253b96fd0ea2a1ba2c227478fa935f72d8eeac2
problem3/__init__.py	28	efe2d4ca0f0464c41af8e2e655dc87e265f85bdac5fefd888cdef5772605ec5a
problem3/_export_all20.py	2378	f0b45c433ac4f0e647e5e86ab46023c5d01a07ab9313e4d6f96075bbf6753bab
problem3/config.json	426	3e523fd1d57044e1c521aaeae4a57d4ffe05bb0c7f13a0ac080a94d4ee20f915
problem3/explain.py	8388	41cd3700bb4c409ac0334fe07480e0de585f2f4a4d7cd1c92a2f03a8d834aa08
problem3/model_io.py	2569	0d55f702a4ff56d3b72594346639b700eb2cce971d9c1391e1f11f44b2264a2a
problem3/problem3.py	4378	f2ba1eae85f051f5ce1d5a7af727cdc90dc63013c71073541b1a98bd9cd8e013
problem3/README.md	1095	38ac8a6255b3637b3d6dba08bf063956763b959f874665e00b6c9754c478c094
problem3/report.py	22817	910f2fd264e149adac8a81761101ff850095d2f6433c373d074c3e9a7ab4bb71
problem3/supplement_section5.py	12714	8e32bdbdfe0a82e6e1c478deaa4b540d17a6714785a84c511d0e564d9955ef2c
problem3/数据预处理说明.md	2375	0a77c2a25ed1ac0d6dc14806d899885284e59e81ba1fdeb063125593df714bc3
problem3/模型建立_对齐版.md	9014	019af4b8fcae07d8e5dd472ab1bd94619cf8f65145e1850d795f47dce8547edd
problem3/问题三结果分析_对齐版.md	15908	a1fc62f537d039c582eb6c027fc7ae72951b1c61c69311ca05da9b3f01b5b4b6
problem3_unaligned/__init__.py	31	13662e65db72ae4aba1349db81bb64c0ad46e67964dba6a9da8fb9d8cf98e47e
problem3_unaligned/_export_all20.py	2483	ff5879f314819308fcfe85b1e01526811cc92420671e127cd6abacc1da65d380
problem3_unaligned/config.json	520	50ac3f75fe8ba7472d7f7fa627820c98bbb34b2291bea014a6c823e145c199f0
problem3_unaligned/explain.py	12601	06954c45ccdc4ffe40dbc5fe7c4a5e594fb9df25aeec150635d8a5fb1e13813a
problem3_unaligned/model_io.py	4583	1421073fc5368d17713981c487a35d02bbc75f179d57baa0db29198a4e1202fa
problem3_unaligned/problem3.py	4347	868a656b4fab80b868911816d65fda0fc25e5db76b95821dfce72862cae2c2b5
problem3_unaligned/README.md	632	cf97a08e6f3956b0c31618ffdb04a7a1d5db94e826d9d56c61b35a0d229e52e2
problem3_unaligned/viz.py	1926	bb2462a7ff96c471be9e1c2d7f4aa24717ebb82c358354504e4ff1c35ff8d24b
problem3_unaligned/模型建立_未对齐版.md	7945	32fba927ae38cf085dc8e3c23c107919514ac873a98442d55614153655ddf632
problem3_unaligned/问题三结果分析_未对齐版.md	20314	cdd7c5f19de17b4e9b173cce64ab93146c47c226c1e61d0dda2b1c75439ec77c
README.md	4053	2c1018ee6d7581dff68bd5e5371634e2fef2726ff07a2b12ec8ac5f5afd0f2a9
requirements-lock.txt	7845	4469651d7f72ae4b436947f697b2ae2008b6400e15272aa4cefe7b3d603afbe6
requirements.txt	422	8e75ad88a5f64961404dd1c30001e290283ebd0020ce6ac4ad382055290f3155
shared/__init__.py	55	b5264b514e3e78bc7e33dd25c14d57283a4c4f4da83543a5632753d27c2dbeca
shared/common.py	2402	219517594e0f80e3ac3260659157361922835f48899ed16b44795f7f8a2ce105
shared/data.py	8627	9f932951c9b6928420f2530252107a74c0b73b35d0f450424148184cdc00f8be
shared/plotting.py	339	74199dc3ad56818f27541eb582742a8b53af174bfbd977bb86bca82cb6d7d8e4
tests/__init__.py	0	e3b0c44298fc1c149afbf4c8996fb92427ae41e4649b934ca495991b7852b855
tests/test_aligned_pipeline.py	7305	cb0be6824d780b67528b255979803563066c326d7ce27a0f4f9906c76bd704be
tests/test_bert_finetune.py	3232	68dc914df9df2ca96478d4c6af8ee16c1d9fae38fe6f54d56b0d96b9c4676cb5
tests/test_class_balance.py	6551	5b3e2d521e8fe39c968c4dba7bece39fdcb2430eb9d0b97c9bb831e78b254088
tests/test_local_missingness.py	2409	f116b4f81834c6e22489231b0fd4bf6d62e7eac916c6d02d29cfd976def9cd10
tests/test_neutral_boundary.py	2300	17ec18faf7c07f81703c8d749b86a2c1089044343c1c96189d81904da9aec2d1
tests/test_problem2_model.py	4597	87c1cac2618df7e62a934f93ec7e1497dddb55508c1017d5fa66e9d97cdd5365
tests/test_run_problem2.py	10801	9e71eb0bd386ee9542554b54353945147fd1d6846263d82beee1b73512704f05
tests/test_scenario_evaluation.py	2095	3629a043b99f64144a66473a6dae26f3175d2bf80102af3432000fc430d0410d
tests/test_unaligned_model.py	3578	7e30187c6f4444daf07c5b85247db3fb35235e538a337e950e6348ab05d19ff9
