sample_id,raw_text,polarity,intensity,I_text,I_audio,I_vision,phi_text,phi_audio,phi_vision,main_support,comprehensiveness,sufficiency,stability
01,Replacing these wear components when replacing the timing belt is essential to ensuring the new belt performs to its mileage requirements,中,0.0,0.7729660188087929,0.14284082027545508,0.08419316091575203,0.1915897031625112,-0.059285372495651245,0.008812149365743002,text,0.14893266558647156,0.05183771252632141,0.9978213507625272
02,We want to live by each other’s happiness - not by each other’s misery.,中,0.0,0.670550132372404,0.28142271616556913,0.0480271514620269,0.09178053339322408,-0.018592009941736858,-0.01606607437133789,text,0.06449607014656067,0.039584606885910034,0.9851851851851853
03,"There's one lender at the moment which I think is just Bankwest who don't take rental income into account, they take rental yield into account.",负,-0.8045259714126587,0.8663353086905574,0.12296093357165318,0.010703757737789414,0.4669059216976166,-0.050706868370374046,0.01147456963857015,text,0.5462317019701004,0.042508602142333984,0.9916666666666667
04,"If I blow it at the team exercise, should I kiss my chances of cheering ""GO BLUE"" goodbye?] Absolutely not.",负,-0.5773412585258484,0.9006170347121866,0.08429844634135837,0.015084518946455107,0.3357320850094159,-0.08198126902182896,-0.04887229949235916,text,0.30854493379592896,0.1382799744606018,0.9467869578980691
05,"Hi, my name is Chloe, video marketer for Red Wagon Marketing.",正,0.9787560701370239,0.115418978596478,0.20273230008750498,0.681848721316017,0.09794819355010986,0.020192305246988933,0.1824411948521932,vision,0.17504984140396118,0.020831942558288574,1.0
06,"If you're a fan of dancing in that sense, just like to watch people dance, see impressive dance moves then you might want to check out this movie solely for that",正,0.9498758316040039,0.9627513304144274,0.022502479945206717,0.014746189640365894,0.36062602202097577,0.01118012269337972,-0.03622773289680481,text,0.1268610954284668,0.0885283350944519,0.9907407407407407
07,"As Linn’s associate editor Michael Baadke reports in our November 28 issue, attendees “enthusiastically discussed the topics of growing the hobby, the future of stamp shows, and dealers and philatelic partnerships, along with ways the leading organizations involved in the stamp hobby can work together to make it succeed and grow",正,0.7836463451385498,0.819733027746959,0.04914048621995699,0.13112648603308405,0.27274086078008014,0.050138612588246666,0.0332375168800354,text,0.1716490387916565,0.06542110443115234,0.9863984695179392
08,"That brings us to tonight, the Universal Design Grand Challenge",正,0.6573770046234131,0.8486686210506489,0.05823792841632437,0.09309345053302674,0.3554644087950389,0.02464946111043294,-0.042926410833994545,text,0.2764188349246979,0.03476601839065552,0.9777777777777779
09,"(uhh) I did not like this movie at all, I would not recommend it",负,-1.2111955881118774,0.7741360289861428,0.22586397101385727,0.0,0.469662144780159,-0.04463388522466024,0.02030778427918752,text,0.36121439933776855,0.0408053994178772,0.6666666666666666
10,(umm) And you know I really do like to see fluffy chick flicks sometimes so I'm not against that but this one was pretty terrible,负,-1.07011878490448,0.8678734584496829,0.12421925554595839,0.007907286004358768,0.5023641536633173,-0.04041933516661326,0.012620662649472555,text,0.328820139169693,0.23637259006500244,0.9732426303854874
11,I would be ashamed to have made this film if I was a director,负,-1.0827159881591797,0.8824866937061159,0.11751330629388407,0.0,0.34401002526283264,0.0011042455832163494,0.019265482823053997,text,0.3446631133556366,0.030410945415496826,0.6373852484963596
12,"Or worse, an individual previously had good credit, but usually by no fault of their own, or perhaps by fault of their own, they have let their credit sag, and credit scores is very low.",负,-0.7501739263534546,0.9154638186024178,0.08453618139758226,0.0,0.3162713944911957,-0.07146470745404561,0.0411695142587026,text,0.2988298833370209,0.008062005043029785,0.6575963718820862
13,"For example, I could take a set of data and from that data, I can find a relationship between any two of the given factors or more.",正,0.14450392127037048,0.4438940058386248,0.5561059941613752,0.0,-0.004987190167109172,0.0553613007068634,0.06662946939468384,vision,0.061300307512283325,0.05841273069381714,0.6538461538461539
14,He is the co-founder of Rossen and Vettese Limited and the former Executive Director of Uniform Final Examination (UFE) courses at Toronto's York University.,正,1.0416284799575806,0.20232527187903207,0.3653484212841772,0.4323263068367907,-0.028267820676167805,0.09837392965952556,0.21286475658416748,vision,0.04627758264541626,0.08046519756317139,0.9791666666666666
15,"However, despite their poverty, the family prioritize education because they believed in its power to transform lives",正,0.975267767906189,0.5843411560551801,0.13279596291930867,0.28286288102551127,0.1794642210006714,0.03906393051147461,0.09765108426411946,text,0.12208443880081177,0.018685996532440186,1.0
16,"It's a terrible, this is a terrible movie",负,-1.224506139755249,0.8812955410364874,0.11870445896351252,0.0,0.41402646402517956,-0.0350049634774526,0.03560719390710195,text,0.21261066198349,0.030557334423065186,0.6666666666666666
17,"Applying these four design concepts to your presentations is simple, easy and will make people think you turned into a design guru.",正,1.1582168340682983,0.9271388905812413,0.02842542851918679,0.044435680899571874,0.38588735461235046,-0.03025139371554057,0.07531151175498962,text,0.3712380826473236,0.0012785792350769043,0.9806763285024154
18,"-And in Denmark - the first Baltic Cod fishery has been MSC – certified -Meanwhile, the Faeroese Mackerel Fishery has been denied MSC certification based on the fact that the fishery has failed to reach an agreement on mackerel quotas with Norway and the European Union.",中,0.0,0.7406819205381562,0.25630994028455034,0.003008139177293488,0.15690414110819498,0.020363231499989826,-0.04983353614807129,text,0.19178317487239838,0.00622868537902832,0.9765143535952521
19,"People are surprisingly forgiving brands when they own up to mistakes, and unfortunately some haters out there love to point fingers and jump all over imperfections, but for the most part, people understand",负,-0.5587607026100159,0.8427277648559824,0.13898540850989263,0.01828682663412496,0.33663486937681836,-0.06888352334499359,-0.011253605286280314,text,0.4115978665649891,0.2114613950252533,0.9826992525405225
20,"And of course, click in the link of the description of this video for more, and we'll have more live updates and a stock market video (wrap-up) at the end of the day today.",正,0.9143054485321045,0.5481645255787525,0.10380020359952824,0.3480352708217193,0.2226285139719645,0.036867002646128334,0.04816673199335734,text,0.24653714895248413,0.057983338832855225,0.9799029799029798
