variant,seed,modalities,rate,position,mask_seed,target_modality,kind,cosine_distance,target_norm,estimate_norm,slots
B0,2026,T,0.1,random,5026,T,reconstructed,0.3742322623729706,13.67582893371582,8.403755187988281,1711
B0,2026,T,0.1,random,5026,T,observed_mean,0.06002669408917427,13.67582893371582,13.305891990661621,1711
B0,2026,T,0.1,random,5027,T,reconstructed,0.3787558674812317,13.658231735229492,8.407524108886719,1711
B0,2026,T,0.1,random,5027,T,observed_mean,0.0652056485414505,13.658231735229492,13.239383697509766,1711
B0,2026,T,0.1,random,5028,T,reconstructed,0.37951746582984924,13.649910926818848,8.391162872314453,1711
B0,2026,T,0.1,random,5028,T,observed_mean,0.06996332108974457,13.649910926818848,13.222602844238281,1711
B0,2026,T,0.2,random,5026,T,reconstructed,0.3818005621433258,13.653616905212402,8.370208740234375,3400
B0,2026,T,0.2,random,5026,T,observed_mean,0.07904784381389618,13.653616905212402,13.229838371276855,3400
B0,2026,T,0.2,random,5027,T,reconstructed,0.3849928677082062,13.629853248596191,8.378324508666992,3400
B0,2026,T,0.2,random,5027,T,observed_mean,0.0837254598736763,13.629853248596191,13.198844909667969,3400
B0,2026,T,0.2,random,5028,T,reconstructed,0.38684964179992676,13.633467674255371,8.36332893371582,3400
B0,2026,T,0.2,random,5028,T,observed_mean,0.08643788844347,13.633467674255371,13.19240951538086,3400
B0,2026,T,0.3,start,5026,T,reconstructed,0.3945732116699219,13.864187240600586,8.356693267822266,5039
B0,2026,T,0.3,start,5026,T,observed_mean,0.09540566056966782,13.864187240600586,13.114897727966309,5039
B0,2026,T,0.3,middle,5026,T,reconstructed,0.3870674669742584,13.564129829406738,8.304275512695312,5039
B0,2026,T,0.3,middle,5026,T,observed_mean,0.09132751077413559,13.564129829406738,13.152634620666504,5039
B0,2026,T,0.3,end,5026,T,reconstructed,0.4098895192146301,13.658252716064453,8.328437805175781,5039
B0,2026,T,0.3,end,5026,T,observed_mean,0.11605370789766312,13.658252716064453,12.649006843566895,5039
B0,2026,T,0.3,random,5026,T,reconstructed,0.3895787000656128,13.64016342163086,8.322418212890625,5039
B0,2026,T,0.3,random,5026,T,observed_mean,0.09611936658620834,13.64016342163086,13.134459495544434,5039
B0,2026,T,0.3,random,5027,T,reconstructed,0.3950102925300598,13.613240242004395,8.332287788391113,5039
B0,2026,T,0.3,random,5027,T,observed_mean,0.10099656879901886,13.613240242004395,13.13636302947998,5039
B0,2026,T,0.3,random,5028,T,reconstructed,0.391263484954834,13.61374282836914,8.327750205993652,5039
B0,2026,T,0.3,random,5028,T,observed_mean,0.10125216841697693,13.61374282836914,13.206143379211426,5039
B0,2026,T,0.4,random,5026,T,reconstructed,0.3981013596057892,13.62930965423584,8.235946655273438,6740
B0,2026,T,0.4,random,5026,T,observed_mean,0.11544104665517807,13.62930965423584,12.997084617614746,6740
B0,2026,T,0.4,random,5027,T,reconstructed,0.40479832887649536,13.599833488464355,8.248332977294922,6740
B0,2026,T,0.4,random,5027,T,observed_mean,0.12390962243080139,13.599833488464355,13.054826736450195,6740
B0,2026,T,0.4,random,5028,T,reconstructed,0.4011766314506531,13.609081268310547,8.266639709472656,6740
B0,2026,T,0.4,random,5028,T,observed_mean,0.12016726285219193,13.609081268310547,13.172773361206055,6740
B0,2026,T,0.5,random,5026,T,reconstructed,0.4111781716346741,13.633715629577637,8.131013870239258,8415
B0,2026,T,0.5,random,5026,T,observed_mean,0.1397787630558014,13.633715629577637,12.855826377868652,8415
B0,2026,T,0.5,random,5027,T,reconstructed,0.41847121715545654,13.60615062713623,8.125104904174805,8415
B0,2026,T,0.5,random,5027,T,observed_mean,0.14946366846561432,13.60615062713623,12.886530876159668,8415
B0,2026,T,0.5,random,5028,T,reconstructed,0.4147670567035675,13.611659049987793,8.164461135864258,8415
B0,2026,T,0.5,random,5028,T,observed_mean,0.14612187445163727,13.611659049987793,13.019482612609863,8415
B0,2026,A,0.1,random,5026,A,reconstructed,0.9104665517807007,3.0898032188415527,1.8645625114440918,1711
B0,2026,A,0.1,random,5026,A,observed_mean,0.4360840916633606,3.0898032188415527,2.0573089122772217,1711
B0,2026,A,0.1,random,5027,A,reconstructed,0.9145700335502625,3.090674877166748,1.8636552095413208,1711
B0,2026,A,0.1,random,5027,A,observed_mean,0.4385983347892761,3.090674877166748,2.0595552921295166,1711
B0,2026,A,0.1,random,5028,A,reconstructed,0.9096680879592896,3.03847599029541,1.8646533489227295,1711
B0,2026,A,0.1,random,5028,A,observed_mean,0.4306403696537018,3.03847599029541,2.060767650604248,1711
B0,2026,A,0.2,random,5026,A,reconstructed,0.9126669764518738,3.0700435638427734,1.864206075668335,3400
B0,2026,A,0.2,random,5026,A,observed_mean,0.46605509519577026,3.0700435638427734,2.0624117851257324,3400
B0,2026,A,0.2,random,5027,A,reconstructed,0.9124879837036133,3.064307689666748,1.8636986017227173,3400
B0,2026,A,0.2,random,5027,A,observed_mean,0.47159290313720703,3.064307689666748,2.0659735202789307,3400
B0,2026,A,0.2,random,5028,A,reconstructed,0.9100749492645264,3.08242130279541,1.8647061586380005,3400
B0,2026,A,0.2,random,5028,A,observed_mean,0.46030014753341675,3.08242130279541,2.054797410964966,3400
B0,2026,A,0.3,start,5026,A,reconstructed,0.8998645544052124,3.103116512298584,1.8610796928405762,5039
B0,2026,A,0.3,start,5026,A,observed_mean,0.5154532194137573,3.103116512298584,2.117076873779297,5039
B0,2026,A,0.3,middle,5026,A,reconstructed,0.9115681648254395,3.0694596767425537,1.8652458190917969,5039
B0,2026,A,0.3,middle,5026,A,observed_mean,0.46071821451187134,3.0694596767425537,2.0791637897491455,5039
B0,2026,A,0.3,end,5026,A,reconstructed,0.9212177991867065,3.074035167694092,1.8657617568969727,5039
B0,2026,A,0.3,end,5026,A,observed_mean,0.5516346096992493,3.074035167694092,2.1467809677124023,5039
B0,2026,A,0.3,random,5026,A,reconstructed,0.9145114421844482,3.0603363513946533,1.864040732383728,5039
B0,2026,A,0.3,random,5026,A,observed_mean,0.4882833957672119,3.0603363513946533,2.1075761318206787,5039
B0,2026,A,0.3,random,5027,A,reconstructed,0.9127034544944763,3.057321548461914,1.8630712032318115,5039
B0,2026,A,0.3,random,5027,A,observed_mean,0.4912028908729553,3.057321548461914,2.1078994274139404,5039
B0,2026,A,0.3,random,5028,A,reconstructed,0.9108732342720032,3.085156202316284,1.8648103475570679,5039
B0,2026,A,0.3,random,5028,A,observed_mean,0.48280996084213257,3.085156202316284,2.0932745933532715,5039
B0,2026,A,0.4,random,5026,A,reconstructed,0.9143580198287964,3.0527756214141846,1.8638677597045898,6740
B0,2026,A,0.4,random,5026,A,observed_mean,0.5049193501472473,3.0527756214141846,2.1448769569396973,6740
B0,2026,A,0.4,random,5027,A,reconstructed,0.9123082160949707,3.0558414459228516,1.8627897500991821,6740
B0,2026,A,0.4,random,5027,A,observed_mean,0.5049723386764526,3.0558414459228516,2.1447677612304688,6740
B0,2026,A,0.4,random,5028,A,reconstructed,0.9121557474136353,3.087029457092285,1.8647345304489136,6740
B0,2026,A,0.4,random,5028,A,observed_mean,0.5005029439926147,3.087029457092285,2.1215920448303223,6740
B0,2026,A,0.5,random,5026,A,reconstructed,0.9145573973655701,3.055006265640259,1.863165259361267,8415
B0,2026,A,0.5,random,5026,A,observed_mean,0.5188674330711365,3.055006265640259,2.1908316612243652,8415
B0,2026,A,0.5,random,5027,A,reconstructed,0.9124203324317932,3.076375722885132,1.8623765707015991,8415
B0,2026,A,0.5,random,5027,A,observed_mean,0.5178881883621216,3.076375722885132,2.177239179611206,8415
B0,2026,A,0.5,random,5028,A,reconstructed,0.9130464792251587,3.0785155296325684,1.8641868829727173,8415
B0,2026,A,0.5,random,5028,A,observed_mean,0.5185384154319763,3.0785155296325684,2.1667633056640625,8415
B0,2026,V,0.1,random,5026,V,reconstructed,0.8646163940429688,3.3973288536071777,3.479172945022583,1604
B0,2026,V,0.1,random,5026,V,observed_mean,0.15721963346004486,3.3973288536071777,2.9374678134918213,1604
B0,2026,V,0.1,random,5027,V,reconstructed,0.869783878326416,3.299417734146118,3.480710029602051,1595
B0,2026,V,0.1,random,5027,V,observed_mean,0.15630222856998444,3.299417734146118,2.9613425731658936,1595
B0,2026,V,0.1,random,5028,V,reconstructed,0.8633795380592346,3.374723196029663,3.480034351348877,1588
B0,2026,V,0.1,random,5028,V,observed_mean,0.15293240547180176,3.374723196029663,2.9528605937957764,1588
B0,2026,V,0.2,random,5026,V,reconstructed,0.8636205792427063,3.391838550567627,3.483203887939453,3194
B0,2026,V,0.2,random,5026,V,observed_mean,0.17121902108192444,3.391838550567627,2.947399139404297,3194
B0,2026,V,0.2,random,5027,V,reconstructed,0.8682249188423157,3.314887285232544,3.4848837852478027,3180
B0,2026,V,0.2,random,5027,V,observed_mean,0.17143788933753967,3.314887285232544,2.966259717941284,3180
B0,2026,V,0.2,random,5028,V,reconstructed,0.8639269471168518,3.3741540908813477,3.483218193054199,3176
B0,2026,V,0.2,random,5028,V,observed_mean,0.16956587135791779,3.3741540908813477,2.955699920654297,3176
B0,2026,V,0.3,start,5026,V,reconstructed,0.8703713417053223,3.322789192199707,3.4796833992004395,4768
B0,2026,V,0.3,start,5026,V,observed_mean,0.2123647928237915,3.322789192199707,2.9899590015411377,4768
B0,2026,V,0.3,middle,5026,V,reconstructed,0.8626617193222046,3.3143150806427,3.4800431728363037,4759
B0,2026,V,0.3,middle,5026,V,observed_mean,0.16096074879169464,3.3143150806427,2.971001625061035,4759
B0,2026,V,0.3,end,5026,V,reconstructed,0.8726056218147278,3.4407715797424316,3.476670980453491,4663
B0,2026,V,0.3,end,5026,V,observed_mean,0.2287408858537674,3.4407715797424316,2.994485855102539,4663
B0,2026,V,0.3,random,5026,V,reconstructed,0.8635998964309692,3.3853514194488525,3.48246431350708,4743
B0,2026,V,0.3,random,5026,V,observed_mean,0.1819050908088684,3.3853514194488525,2.958292245864868,4743
B0,2026,V,0.3,random,5027,V,reconstructed,0.8673266172409058,3.3234307765960693,3.4820845127105713,4712
B0,2026,V,0.3,random,5027,V,observed_mean,0.18342119455337524,3.3234307765960693,2.9814515113830566,4712
B0,2026,V,0.3,random,5028,V,reconstructed,0.8637871742248535,3.3523926734924316,3.4820921421051025,4710
B0,2026,V,0.3,random,5028,V,observed_mean,0.17813633382320404,3.3523926734924316,2.967024087905884,4710
B0,2026,V,0.4,random,5026,V,reconstructed,0.8646146059036255,3.365230083465576,3.4818077087402344,6357
B0,2026,V,0.4,random,5026,V,observed_mean,0.19234400987625122,3.365230083465576,2.979944944381714,6357
B0,2026,V,0.4,random,5027,V,reconstructed,0.867030143737793,3.3238134384155273,3.481139659881592,6308
B0,2026,V,0.4,random,5027,V,observed_mean,0.19465693831443787,3.3238134384155273,3.003282070159912,6308
B0,2026,V,0.4,random,5028,V,reconstructed,0.8640058636665344,3.354034185409546,3.4815847873687744,6306
B0,2026,V,0.4,random,5028,V,observed_mean,0.1905103325843811,3.354034185409546,2.985316038131714,6306
B0,2026,V,0.5,random,5026,V,reconstructed,0.8659269213676453,3.3459134101867676,3.4799327850341797,7939
B0,2026,V,0.5,random,5026,V,observed_mean,0.201787069439888,3.3459134101867676,3.012794256210327,7939
B0,2026,V,0.5,random,5027,V,reconstructed,0.8665627241134644,3.3246209621429443,3.479499101638794,7888
B0,2026,V,0.5,random,5027,V,observed_mean,0.20326928794384003,3.3246209621429443,3.0270233154296875,7888
B0,2026,V,0.5,random,5028,V,reconstructed,0.8648499846458435,3.3391993045806885,3.479796886444092,7893
B0,2026,V,0.5,random,5028,V,observed_mean,0.20127110183238983,3.3391993045806885,3.0196681022644043,7893
B0,2026,TA,0.3,start,5026,T,reconstructed,0.3939102292060852,13.864187240600586,8.345125198364258,5039
B0,2026,TA,0.3,start,5026,T,observed_mean,0.09540566056966782,13.864187240600586,13.114897727966309,5039
B0,2026,TA,0.3,start,5026,A,reconstructed,0.8980597853660583,3.103116512298584,1.864457368850708,5039
B0,2026,TA,0.3,start,5026,A,observed_mean,0.5154532194137573,3.103116512298584,2.117076873779297,5039
B0,2026,TA,0.3,middle,5026,T,reconstructed,0.38610467314720154,13.564129829406738,8.294206619262695,5039
B0,2026,TA,0.3,middle,5026,T,observed_mean,0.09132751077413559,13.564129829406738,13.152634620666504,5039
B0,2026,TA,0.3,middle,5026,A,reconstructed,0.9081972241401672,3.0694596767425537,1.8652801513671875,5039
B0,2026,TA,0.3,middle,5026,A,observed_mean,0.46071821451187134,3.0694596767425537,2.0791637897491455,5039
B0,2026,TA,0.3,end,5026,T,reconstructed,0.4084628224372864,13.658252716064453,8.322185516357422,5039
B0,2026,TA,0.3,end,5026,T,observed_mean,0.11605370789766312,13.658252716064453,12.649006843566895,5039
B0,2026,TA,0.3,end,5026,A,reconstructed,0.9173892736434937,3.074035167694092,1.872976303100586,5039
B0,2026,TA,0.3,end,5026,A,observed_mean,0.5516346096992493,3.074035167694092,2.1467809677124023,5039
B0,2026,TA,0.3,random,5026,T,reconstructed,0.3882227838039398,13.64016342163086,8.312872886657715,5039
B0,2026,TA,0.3,random,5026,T,observed_mean,0.09611936658620834,13.64016342163086,13.134459495544434,5039
B0,2026,TA,0.3,random,5026,A,reconstructed,0.912682831287384,3.0603363513946533,1.863653302192688,5039
B0,2026,TA,0.3,random,5026,A,observed_mean,0.4882833957672119,3.0603363513946533,2.1075761318206787,5039
B0,2026,TA,0.3,random,5027,T,reconstructed,0.3938022553920746,13.613240242004395,8.31985092163086,5039
B0,2026,TA,0.3,random,5027,T,observed_mean,0.10099656879901886,13.613240242004395,13.13636302947998,5039
B0,2026,TA,0.3,random,5027,A,reconstructed,0.9072620272636414,3.057321548461914,1.8631607294082642,5039
B0,2026,TA,0.3,random,5027,A,observed_mean,0.4912028908729553,3.057321548461914,2.1078994274139404,5039
B0,2026,TA,0.3,random,5028,T,reconstructed,0.38980424404144287,13.61374282836914,8.319910049438477,5039
B0,2026,TA,0.3,random,5028,T,observed_mean,0.10125216841697693,13.61374282836914,13.206143379211426,5039
B0,2026,TA,0.3,random,5028,A,reconstructed,0.9057225584983826,3.085156202316284,1.8724257946014404,5039
B0,2026,TA,0.3,random,5028,A,observed_mean,0.48280996084213257,3.085156202316284,2.0932745933532715,5039
B0,2026,TV,0.3,start,5026,T,reconstructed,0.3925967216491699,13.867145538330078,8.384346008300781,5035
B0,2026,TV,0.3,start,5026,T,observed_mean,0.09538111090660095,13.867145538330078,13.119124412536621,5035
B0,2026,TV,0.3,start,5026,V,reconstructed,0.869739294052124,3.322789192199707,3.4751193523406982,4768
B0,2026,TV,0.3,start,5026,V,observed_mean,0.2123647928237915,3.322789192199707,2.9899590015411377,4768
B0,2026,TV,0.3,middle,5026,T,reconstructed,0.3850882947444916,13.566533088684082,8.334481239318848,5036
B0,2026,TV,0.3,middle,5026,T,observed_mean,0.09134243428707123,13.566533088684082,13.153685569763184,5036
B0,2026,TV,0.3,middle,5026,V,reconstructed,0.8634337186813354,3.3143150806427,3.5031421184539795,4759
B0,2026,TV,0.3,middle,5026,V,observed_mean,0.16096074879169464,3.3143150806427,2.971001625061035,4759
B0,2026,TV,0.3,end,5026,T,reconstructed,0.4084245562553406,13.662428855895996,8.353240013122559,5030
B0,2026,TV,0.3,end,5026,T,observed_mean,0.11608806997537613,13.662428855895996,12.645711898803711,5030
B0,2026,TV,0.3,end,5026,V,reconstructed,0.8738133311271667,3.4407715797424316,3.4753682613372803,4663
B0,2026,TV,0.3,end,5026,V,observed_mean,0.2287408858537674,3.4407715797424316,2.994485855102539,4663
B0,2026,TV,0.3,random,5026,T,reconstructed,0.3877394199371338,13.64016342163086,8.350255966186523,5039
B0,2026,TV,0.3,random,5026,T,observed_mean,0.09611936658620834,13.64016342163086,13.134459495544434,5039
B0,2026,TV,0.3,random,5026,V,reconstructed,0.8641367554664612,3.3853514194488525,3.508467197418213,4743
B0,2026,TV,0.3,random,5026,V,observed_mean,0.1819050908088684,3.3853514194488525,2.958292245864868,4743
B0,2026,TV,0.3,random,5027,T,reconstructed,0.3931373655796051,13.613946914672852,8.363790512084961,5038
B0,2026,TV,0.3,random,5027,T,observed_mean,0.10100433975458145,13.613946914672852,13.136931419372559,5038
B0,2026,TV,0.3,random,5027,V,reconstructed,0.8663456439971924,3.3234307765960693,3.499871015548706,4712
B0,2026,TV,0.3,random,5027,V,observed_mean,0.18342119455337524,3.3234307765960693,2.9814515113830566,4712
B0,2026,TV,0.3,random,5028,T,reconstructed,0.3890123963356018,13.620648384094238,8.357767105102539,5030
B0,2026,TV,0.3,random,5028,T,observed_mean,0.10115405917167664,13.620648384094238,13.211347579956055,5030
B0,2026,TV,0.3,random,5028,V,reconstructed,0.8635907769203186,3.3523926734924316,3.5050129890441895,4710
B0,2026,TV,0.3,random,5028,V,observed_mean,0.17813633382320404,3.3523926734924316,2.967024087905884,4710
B0,2026,AV,0.3,start,5026,A,reconstructed,0.9006051421165466,3.103414535522461,1.85378098487854,5035
B0,2026,AV,0.3,start,5026,A,observed_mean,0.5153954029083252,3.103414535522461,2.1169612407684326,5035
B0,2026,AV,0.3,start,5026,V,reconstructed,0.8702855706214905,3.322789192199707,3.4599859714508057,4768
B0,2026,AV,0.3,start,5026,V,observed_mean,0.2123647928237915,3.322789192199707,2.9899590015411377,4768
B0,2026,AV,0.3,middle,5026,A,reconstructed,0.9121654033660889,3.0688114166259766,1.8568317890167236,5036
B0,2026,AV,0.3,middle,5026,A,observed_mean,0.46090367436408997,3.0688114166259766,2.078000783920288,5036
B0,2026,AV,0.3,middle,5026,V,reconstructed,0.8623863458633423,3.3143150806427,3.465181827545166,4759
B0,2026,AV,0.3,middle,5026,V,observed_mean,0.16096074879169464,3.3143150806427,2.971001625061035,4759
B0,2026,AV,0.3,end,5026,A,reconstructed,0.9218592047691345,3.0741515159606934,1.8595142364501953,5030
B0,2026,AV,0.3,end,5026,A,observed_mean,0.551679253578186,3.0741515159606934,2.1455700397491455,5030
B0,2026,AV,0.3,end,5026,V,reconstructed,0.8724295496940613,3.4407715797424316,3.4705724716186523,4663
B0,2026,AV,0.3,end,5026,V,observed_mean,0.2287408858537674,3.4407715797424316,2.994485855102539,4663
B0,2026,AV,0.3,random,5026,A,reconstructed,0.9153024554252625,3.0603363513946533,1.856113314628601,5039
B0,2026,AV,0.3,random,5026,A,observed_mean,0.4882833957672119,3.0603363513946533,2.1075761318206787,5039
B0,2026,AV,0.3,random,5026,V,reconstructed,0.863328218460083,3.3853514194488525,3.468662738800049,4743
B0,2026,AV,0.3,random,5026,V,observed_mean,0.1819050908088684,3.3853514194488525,2.958292245864868,4743
B0,2026,AV,0.3,random,5027,A,reconstructed,0.9131733775138855,3.0570671558380127,1.8551805019378662,5038
B0,2026,AV,0.3,random,5027,A,observed_mean,0.49127277731895447,3.0570671558380127,2.1075377464294434,5038
B0,2026,AV,0.3,random,5027,V,reconstructed,0.8671128153800964,3.3234307765960693,3.468695640563965,4712
B0,2026,AV,0.3,random,5027,V,observed_mean,0.18342119455337524,3.3234307765960693,2.9814515113830566,4712
B0,2026,AV,0.3,random,5028,A,reconstructed,0.9115172028541565,3.0848426818847656,1.8573520183563232,5030
B0,2026,AV,0.3,random,5028,A,observed_mean,0.48299139738082886,3.0848426818847656,2.0912723541259766,5030
B0,2026,AV,0.3,random,5028,V,reconstructed,0.8635172843933105,3.3523926734924316,3.470180034637451,4710
B0,2026,AV,0.3,random,5028,V,observed_mean,0.17813633382320404,3.3523926734924316,2.967024087905884,4710
B0,2026,TAV,0.3,start,5026,T,reconstructed,0.39200538396835327,13.867145538330078,8.372480392456055,5035
B0,2026,TAV,0.3,start,5026,T,observed_mean,0.09538111090660095,13.867145538330078,13.119124412536621,5035
B0,2026,TAV,0.3,start,5026,A,reconstructed,0.8987973928451538,3.103414535522461,1.8568931818008423,5035
B0,2026,TAV,0.3,start,5026,A,observed_mean,0.5153954029083252,3.103414535522461,2.1169612407684326,5035
B0,2026,TAV,0.3,start,5026,V,reconstructed,0.8695766925811768,3.322789192199707,3.4502832889556885,4768
B0,2026,TAV,0.3,start,5026,V,observed_mean,0.2123647928237915,3.322789192199707,2.9899590015411377,4768
B0,2026,TAV,0.3,middle,5026,T,reconstructed,0.38417941331863403,13.566533088684082,8.324262619018555,5036
B0,2026,TAV,0.3,middle,5026,T,observed_mean,0.09134243428707123,13.566533088684082,13.153685569763184,5036
B0,2026,TAV,0.3,middle,5026,A,reconstructed,0.9088926911354065,3.0688114166259766,1.8563363552093506,5036
B0,2026,TAV,0.3,middle,5026,A,observed_mean,0.46090367436408997,3.0688114166259766,2.078000783920288,5036
B0,2026,TAV,0.3,middle,5026,V,reconstructed,0.8630968928337097,3.3143150806427,3.4861011505126953,4759
B0,2026,TAV,0.3,middle,5026,V,observed_mean,0.16096074879169464,3.3143150806427,2.971001625061035,4759
B0,2026,TAV,0.3,end,5026,T,reconstructed,0.40703803300857544,13.662428855895996,8.346114158630371,5030
B0,2026,TAV,0.3,end,5026,T,observed_mean,0.11608806997537613,13.662428855895996,12.645711898803711,5030
B0,2026,TAV,0.3,end,5026,A,reconstructed,0.9184806942939758,3.0741515159606934,1.8664308786392212,5030
B0,2026,TAV,0.3,end,5026,A,observed_mean,0.551679253578186,3.0741515159606934,2.1455700397491455,5030
B0,2026,TAV,0.3,end,5026,V,reconstructed,0.8737242817878723,3.4407715797424316,3.4704551696777344,4663
B0,2026,TAV,0.3,end,5026,V,observed_mean,0.2287408858537674,3.4407715797424316,2.994485855102539,4663
B0,2026,TAV,0.3,random,5026,T,reconstructed,0.38643649220466614,13.64016342163086,8.34013557434082,5039
B0,2026,TAV,0.3,random,5026,T,observed_mean,0.09611936658620834,13.64016342163086,13.134459495544434,5039
B0,2026,TAV,0.3,random,5026,A,reconstructed,0.9137303233146667,3.0603363513946533,1.856013536453247,5039
B0,2026,TAV,0.3,random,5026,A,observed_mean,0.4882833957672119,3.0603363513946533,2.1075761318206787,5039
B0,2026,TAV,0.3,random,5026,V,reconstructed,0.8638761639595032,3.3853514194488525,3.4936251640319824,4743
B0,2026,TAV,0.3,random,5026,V,observed_mean,0.1819050908088684,3.3853514194488525,2.958292245864868,4743
B0,2026,TAV,0.3,random,5027,T,reconstructed,0.3919573724269867,13.613946914672852,8.350749015808105,5038
B0,2026,TAV,0.3,random,5027,T,observed_mean,0.10100433975458145,13.613946914672852,13.136931419372559,5038
B0,2026,TAV,0.3,random,5027,A,reconstructed,0.9076620936393738,3.0570671558380127,1.854397177696228,5038
B0,2026,TAV,0.3,random,5027,A,observed_mean,0.49127277731895447,3.0570671558380127,2.1075377464294434,5038
B0,2026,TAV,0.3,random,5027,V,reconstructed,0.8660687804222107,3.3234307765960693,3.486405611038208,4712
B0,2026,TAV,0.3,random,5027,V,observed_mean,0.18342119455337524,3.3234307765960693,2.9814515113830566,4712
B0,2026,TAV,0.3,random,5028,T,reconstructed,0.3876095116138458,13.620648384094238,8.34965991973877,5030
B0,2026,TAV,0.3,random,5028,T,observed_mean,0.10115405917167664,13.620648384094238,13.211347579956055,5030
B0,2026,TAV,0.3,random,5028,A,reconstructed,0.9065489172935486,3.0848426818847656,1.864638090133667,5030
B0,2026,TAV,0.3,random,5028,A,observed_mean,0.48299139738082886,3.0848426818847656,2.0912723541259766,5030
B0,2026,TAV,0.3,random,5028,V,reconstructed,0.8632861971855164,3.3523926734924316,3.4924936294555664,4710
B0,2026,TAV,0.3,random,5028,V,observed_mean,0.17813633382320404,3.3523926734924316,2.967024087905884,4710
